,growth,inflation,leading
1970-01-31,-0.7653358235535214,2.497139627703767,-1.026617301415985
1970-02-28,-1.2852911559110805,2.4695780856000127,-1.3558477619197025
1970-03-31,-0.9904256560779183,2.4009758835560406,-0.8112284240987376
1970-04-30,-1.027885431875704,2.288981564115071,-1.0386287669114365
1970-05-31,-1.2069743036248959,2.220653658456497,-1.7534883120212166
1970-06-30,-1.2876982671140071,2.1698727710651955,-1.4831700812325925
1970-07-31,-1.383864177011883,2.1278452517838677,-1.1226169315365868
1970-08-31,-1.2701155439111806,2.0418502455612253,-1.5304201035356149
1970-09-30,-1.4976488782019735,1.9711021655340635,-2.817214445919987
1970-10-31,-1.6551290412792854,1.9752022214176812,-2.854302820438443
1970-11-30,-1.8174652413315873,1.8927275974078737,-2.7602880195117736
1970-12-31,-1.6398644246766059,1.8642572956035244,-2.757590150787056
1971-01-31,-1.4131380919947791,1.7938983611685273,-1.293882553065031
1971-02-28,-0.8801130626516047,1.6699471826592382,-0.7043436424162944
1971-03-31,-1.2468834019939314,1.5559107969817416,-0.7730257580334332
1971-04-30,-1.1879446132513232,1.3976161439945005,-0.32697751658525986
1971-05-31,-0.900588557307402,1.2634316931882257,-0.20841558207222596
1971-06-30,-0.7947218588920276,1.3253435693051596,0.11895848283451194
1971-07-31,-0.8531444803376459,1.2144874966655892,-0.04467353617784579
1971-08-31,-1.0048213818164802,1.0852326330327995,0.0674334341655434
1971-09-30,-0.845509621744025,1.1005911014386514,-0.19964431308982747
1971-10-31,-0.6946510950458522,0.8093391342350594,-0.1537130506007332
1971-11-30,-0.22472125401626164,0.6298744414919857,-0.03465041074868984
1971-12-31,-0.00964943746623348,0.4392157206848492,0.12501111911740795
1972-01-31,-0.07184084268789431,0.38514844463642317,-0.001829184909179092
1972-02-29,0.15364144532011229,0.3572128698671554,0.10644892066148581
1972-03-31,0.3648249401536452,0.41431073745637675,0.493859845486041
1972-04-30,0.43403601396516367,0.32180898409341735,0.12108157048236166
1972-05-31,0.4517474707647208,0.26821019438931015,0.25728560166461145
1972-06-30,0.3971830316894007,0.1450903995874653,-0.054233103320242226
1972-07-31,0.47862917655646803,0.061666340939446986,0.17261335538648998
1972-08-31,0.5806706320286316,0.06675694197165331,-0.16289752402928942
1972-09-30,0.9185704144315451,0.0421019353858542,0.17269227594409142
1972-10-31,0.9503150053854375,0.15590772044600357,0.5395474525824552
1972-11-30,1.1972797890831206,0.1525765976070889,0.43699592831382483
1972-12-31,1.2591903944481857,0.17992118828985507,0.20799899226545035
1973-01-31,1.1968210713022953,0.32135891224339147,0.13268318173022833
1973-02-28,0.8298030206134136,0.3430374410663935,-0.025703253548314785
1973-03-31,0.8092088848510266,0.405497523506649,0.19787747535965297
1973-04-30,0.7010209123614175,0.7922617831431769,0.1551337945154177
1973-05-31,0.5235395978995182,0.8378848937776102,-0.2694839010892888
1973-06-30,0.6143868059190176,0.9924434702406212,-0.21400647068124595
1973-07-31,0.49617238418404924,1.0827732414576816,-0.21649934797506717
1973-08-31,0.49740137574402854,0.9999302547650798,-0.3795633028633769
1973-09-30,0.05607608065730513,1.3469764568376552,-0.6346034936097513
1973-10-31,-0.020821153192790372,1.4756920164040788,-0.9049722773686425
1973-11-30,-0.26699262749661073,1.6056949196585601,-0.879346763409574
1973-12-31,-0.38478016982927354,1.707792643298711,-0.7105030391922442
1974-01-31,-0.6917888608529902,1.783242444349573,-0.8309581553843761
1974-02-28,-0.9695593160244829,2.011193862680622,-0.4552175436233271
1974-03-31,-1.1435201321184827,2.106426150068508,-0.8475855529407346
1974-04-30,-1.3584741174249186,2.112054210780736,-0.6152817275672263
1974-05-31,-1.3896381420130381,2.17311095784948,-1.1885042378003883
1974-06-30,-1.5051268838367784,2.31267666346357,-0.7794936854777811
1974-07-31,-1.4770186011923114,2.4127155571943617,-1.0918200771120463
1974-08-31,-1.5881648854946537,2.822899802267167,-1.0590819972493832
1974-09-30,-1.6689726656224106,2.7961497868739635,-0.9933673532290554
1974-10-31,-1.7619504184136028,2.9819291876123453,-1.444010002717628
1974-11-30,-1.9062166040569948,3.0433427963800974,-1.66212323339874
1974-12-31,-2.312219436689406,3.0656378728959615,-2.7008260245390114
1975-01-31,-2.5420287020411743,2.7098285941653866,-2.6281145572297393
1975-02-28,-2.488790717378682,2.499758434202358,-2.960545549686903
1975-03-31,-2.750146509446928,2.365140398767249,-3.069772120514903
1975-04-30,-2.6559307567652026,2.152185519557503,-2.838987180922786
1975-05-31,-2.5829232844279746,2.0235477279760037,-1.7028458963804383
1975-06-30,-2.4291136682480485,1.6538267252204664,-2.2046753034366207
1975-07-31,-2.3563980343118995,1.4826057989605264,-1.981622895281237
1975-08-31,-2.1116579931041692,1.3224163788941057,-1.424500789022758
1975-09-30,-1.7438800748503387,1.0370440376701302,-1.1088677951086687
1975-10-31,-1.5760633309842362,0.8055466389008367,-0.7297959766130733
1975-11-30,-1.3581059038938663,0.6672567007087508,-0.6934784281330998
1975-12-31,-0.987534093353464,0.6413078616587178,-0.2993379727611432
1976-01-31,-0.5566340240503492,0.5427591849416532,-0.1679754743776443
1976-02-29,-0.22102238074969802,0.5543775804883447,0.35618409002178547
1976-03-31,0.44351169879277563,0.4799042591120515,0.6666548223631502
1976-04-30,0.4819939111837366,0.42622267803223257,0.6970981345504638
1976-05-31,0.6085595908673782,0.4278577328650762,-0.050845051736681975
1976-06-30,0.6071482400872751,0.45034391919037714,0.5843808457016877
1976-07-31,0.6290524567210997,0.3877655226709347,0.36313919728517524
1976-08-31,0.4818819913321355,0.37806346651813444,0.28206128115995516
1976-09-30,0.46734611089879335,0.3890156791226898,0.25207011337299423
1976-10-31,0.47024241912031395,0.4471000113481402,0.45226495932478283
1976-11-30,0.2852334892521069,0.3944380736280232,0.23000186622884064
1976-12-31,0.4236578777820352,0.3548774233507993,0.3606172664921428
1977-01-31,0.5293880596094147,0.3412707953185833,-0.06029031133247506
1977-02-28,0.13665310514655826,0.3360844367997633,-0.5308969775642591
1977-03-31,0.20528430519980312,0.472603810929174,-0.01588496507575411
1977-04-30,0.3767366617602477,0.5270075944355239,0.3532274203246486
1977-05-31,0.4781700579669916,0.6177188675263087,0.7406009672000502
1977-06-30,0.47341760305943054,0.6336147639108883,0.3875516444781839
1977-07-31,0.4665509996922452,0.6362177959356171,0.5355118014926399
1977-08-31,0.5484142414004421,0.6317832212241591,0.3226643604902869
1977-09-30,0.3968257550815445,0.525932920668711,0.48394089076773256
1977-10-31,0.33769053486853345,0.4780549694809297,0.17899358616168412
1977-11-30,0.5155358796978476,0.49922183467827896,0.5275822971288137
1977-12-31,0.389897525734055,0.45401079401650646,0.27791548223430107
1978-01-31,0.4126112440571839,0.508234490190884,0.41716654873637765
1978-02-28,0.23432712028094535,0.5804656815601267,0.2727432012021243
1978-03-31,0.024956143167462492,0.45408572116256046,-0.0009504216122563139
1978-04-30,0.185961991990694,0.5074827694861527,0.2283309492637722
1978-05-31,0.5061921822555246,0.6090707736779488,0.2163010567837242
1978-06-30,0.47045805832135246,0.6427864170865982,-0.021411943549314368
1978-07-31,0.4279906216878862,0.7701594147634124,0.13076651167261652
1978-08-31,0.26794582031782344,0.8072286192837215,0.23650553305401098
1978-09-30,0.3023606213258448,0.8322382835458466,-0.03244250958207641
1978-10-31,0.2480378011639822,0.9967545105325737,0.15551133451611446
1978-11-30,0.2472134269636198,1.1243041668649476,0.06592018876064926
1978-12-31,0.24361204302417758,1.1392311477136352,0.11158745617003907
1979-01-31,0.24352858056874152,1.1868193972206178,0.13860539442718603
1979-02-28,0.2612695617515577,1.105553307176497,0.22678537381587763
1979-03-31,0.2182387141914696,1.2103700277702238,0.16978859306245064
1979-04-30,-0.028577374002737722,1.2288989940368666,-0.08394864402393817
1979-05-31,-0.2389596352440203,1.0094354089400586,-0.9746369657284363
1979-06-30,-0.3253418888905434,1.1219452918479278,-0.3326763311543204
1979-07-31,-0.36512285433184316,1.170876050092165,-0.751701668189964
1979-08-31,-0.38951925604987986,1.2070525192343853,-0.7054449361715821
1979-09-30,-0.5510689364425029,1.2898376111719556,-0.6481919943817603
1979-10-31,-0.6120741241545278,1.2855890314574951,-0.6325845476032075
1979-11-30,-0.676720589309841,1.1978462757589161,-0.9238668524356856
1979-12-31,-0.7654489997224946,1.2283577633560294,-1.0685391164259013
1980-01-31,-0.8064029232698253,1.2670027587340218,-1.1634706796509007
1980-02-29,-0.7665165917749734,1.3431128385838653,-0.9452806455050965
1980-03-31,-0.7941493399360426,1.4101814338913725,-0.8217657065541418
1980-04-30,-1.060963317650907,1.5601317314297758,-1.6013839136780657
1980-05-31,-1.5586591813604904,1.6880563420412682,-1.896513712325706
1980-06-30,-1.8177125907202545,1.5609007545137852,-2.5498053390444553
1980-07-31,-1.845192643003448,1.581952272974863,-2.3072670550626406
1980-08-31,-1.7123501829658911,1.4169573581879487,-1.5361964964942836
1980-09-30,-1.4222816609883777,1.4038149247369245,-1.165837959752728
1980-10-31,-1.1234261264988268,1.3078475784463344,-1.2562972666696333
1980-11-30,-0.8112896324387688,1.4550172458055757,-1.474056131969799
1980-12-31,-0.5949014252982121,1.472623549889773,-1.2783283808020536
1981-01-31,-0.6080797954727756,1.3886241804155393,-1.4202345582662508
1981-02-28,-0.7016653908569872,1.3342363072009698,-1.4442810488837812
1981-03-31,-0.8131742213875589,1.1905306679450547,-1.2837002302850977
1981-04-30,-0.5848015444869082,1.0169816653224113,-0.9746080724210253
1981-05-31,-0.39421347374458143,0.9289335111515243,-0.5577044572601497
1981-06-30,-0.16104542307388187,0.8886477105488331,-0.5655504962889929
1981-07-31,-0.1522249724521769,0.7610223227426948,-1.427942632515897
1981-08-31,-0.048165649826075185,0.8779536375120428,-1.268492261604241
1981-09-30,-0.21844753307460058,0.8731759842947804,-1.0795178915448467
1981-10-31,-0.49838821290551577,0.8418989779702836,-1.2222273497960587
1981-11-30,-0.8966096918609117,0.5570855433478626,-1.4708569782734167
1981-12-31,-1.2503869752868466,0.33458776309002763,-1.8601929078529833
1982-01-31,-1.365048709781673,0.11963959142926345,-1.9749141143601796
1982-02-28,-1.4915467514128773,0.09202344692954262,-2.2603733873645844
1982-03-31,-1.257745345593352,-0.10201233078078374,-1.3577866154278444
1982-04-30,-1.257571532005393,-0.3086653434262972,-1.7739011222934673
1982-05-31,-1.1418032643001799,-0.39814257382080115,-1.874038144135994
1982-06-30,-1.1868846486671367,-0.37164765602500316,-1.916020963052403
1982-07-31,-1.228567056359227,-0.46067893435420126,-1.5361875685414859
1982-08-31,-1.288072330212136,-0.5173740828290467,-1.4541670133351963
1982-09-30,-1.3447193139353553,-0.6419320739854002,-1.8648135879896373
1982-10-31,-1.2102245882377793,-0.8523875953781377,-1.407841715979944
1982-11-30,-1.086987400873613,-0.8754710996052059,-0.8664657904692085
1982-12-31,-0.810728398990981,-0.9511554270934369,-0.5130871369236519
1983-01-31,-0.7595869307650095,-0.9887234234721878,-0.015164385038620398
1983-02-28,-0.24529305055594722,-1.0544167294401992,1.0139234381053979
1983-03-31,-0.22905557464071968,-0.9957241392724513,0.46026093119255196
1983-04-30,-0.13958490704780274,-1.0043061069075947,0.6727875479424713
1983-05-31,-0.02302113621546144,-1.0064890061040561,0.8654616127809119
1983-06-30,0.21371278415019176,-1.084732540115469,1.0139470916264588
1983-07-31,0.4318195532121065,-1.133919022754437,1.1169179688936592
1983-08-31,0.629140682633692,-1.1500850328632313,1.169819078246204
1983-09-30,0.8176799551456927,-1.2063996345963273,1.3286856922594972
1983-10-31,0.942180622679637,-1.0507114312940697,1.1669130390577658
1983-11-30,1.1098472785017748,-0.9978299387131871,1.1324324795392684
1983-12-31,1.2093046790997184,-1.0027660120985782,0.9955968678858076
1984-01-31,1.2773003344474572,-0.965305976749325,0.8626313068327058
1984-02-29,1.3458107454033885,-0.9210319105713345,0.7109129805373582
1984-03-31,1.38565105811033,-0.9616350212073078,0.87798680788437
1984-04-30,1.2596836494228503,-0.8780866403698491,0.5305787771261146
1984-05-31,1.1975776530214697,-0.8487116684923812,0.34371626240000275
1984-06-30,1.0888945300231279,-0.8844964318775586,0.06450831062595194
1984-07-31,1.0411825337185556,-0.8480380448875946,-0.015655461438639058
1984-08-31,0.849827528116993,-0.8582668070723719,-0.1765344224022492
1984-09-30,0.7067781619358166,-0.8543713900409046,-0.1633961393663412
1984-10-31,0.5781771038772168,-0.9003467136208259,-0.13342324335562605
1984-11-30,0.38218470875776,-0.955635524238424,0.02537897939624473
1984-12-31,0.33816250607349985,-0.9011356591196318,0.17992976228070054
1985-01-31,0.2730378860554028,-0.8850771275855182,0.24050902979699096
1985-02-28,0.015342561263592455,-0.9602834570117568,0.11305893086402947
1985-03-31,-0.12380720447156097,-0.8978314115481658,-0.1676770333789054
1985-04-30,-0.03640002355526523,-0.9222087080043446,0.17461419500836
1985-05-31,-0.1669683368786927,-0.9465248320819272,0.059797599784300305
1985-06-30,-0.20070679297385138,-0.9522955975177272,0.014365298816169051
1985-07-31,-0.28991532811267207,-0.9276224514203093,0.009527979978895809
1985-08-31,-0.4023564797760222,-0.9645402954585357,0.021574814284999588
1985-09-30,-0.35358806424801725,-0.9550032722078671,0.2074368748329736
1985-10-31,-0.23562131647125037,-0.9551035005650986,0.3173074964232713
1985-11-30,-0.16582865758148285,-0.9207220254297366,0.32854845158557844
1985-12-31,-0.30418346832308735,-0.871507134711855,0.1612498090529924
1986-01-31,-0.17548175151307288,-0.831167934678655,0.2600449946654196
1986-02-28,-0.08576906593701958,-0.8325562478795369,0.2926068079686124
1986-03-31,-0.14346054542526201,-0.9071092081650569,0.28309857472292244
1986-04-30,-0.2260514279831929,-0.9960949921435733,0.1314218445578939
1986-05-31,-0.20017764942693525,-1.0474118597236424,0.19901087036942025
1986-06-30,-0.07290993399935293,-1.023929654145456,0.44726470534002305
1986-07-31,-0.16882575426045404,-1.0369500832084961,0.4008781460143841
1986-08-31,-0.056353899237160124,-1.0404040051098535,0.36737294392586467
1986-09-30,-0.023122349044352036,-1.0317419757162996,0.09246548768004215
1986-10-31,-0.024071829463153605,-1.0356120271446643,0.1507958362488255
1986-11-30,0.022156815932493246,-1.011068984307056,0.08801945768434807
1986-12-31,0.03110468725323839,-1.002582559041461,0.13068552005885237
1987-01-31,-0.006451483729130282,-1.0394676711258337,0.09378837901484828
1987-02-28,-0.02797783630433834,-0.9815529072833036,0.14115590295898503
1987-03-31,0.10629730328724522,-0.9053709521643455,0.40110145179014395
1987-04-30,0.20123699815250992,-0.8079645336993229,0.23697405547514355
1987-05-31,0.29779317227123586,-0.7040562883541193,0.08104456837546324
1987-06-30,0.21179673225549345,-0.6489470950610582,0.0747790264458475
1987-07-31,0.3044602519588026,-0.6310947851967224,0.12590064991695402
1987-08-31,0.4001675827478052,-0.5604812903445546,0.26512390436284844
1987-09-30,0.4908948400457553,-0.4420692019108522,0.17778867603122697
1987-10-31,0.5470032891471919,-0.37781532844683074,0.012412238460059323
1987-11-30,0.5458802892150145,-0.3277680458799807,0.11626401795334416
1987-12-31,0.6052793061925722,-0.28483159204114505,0.02034056690041019
1988-01-31,0.4550542275398773,-0.26677392871672556,-0.061350466198593905
1988-02-29,0.3678195163841638,-0.2933588981359299,0.10821585197140263
1988-03-31,0.5188382699686982,-0.295082040608304,0.07046230301174816
1988-04-30,0.4341757826788289,-0.27925522774406975,0.12979966330861242
1988-05-31,0.5690653678313637,-0.23082706553480034,0.19682795667715677
1988-06-30,0.40333244164769005,-0.2028044679200464,0.2569006951749355
1988-07-31,0.4217420709142432,-0.16185596256591647,0.30777916189529614
1988-08-31,0.4360742190458552,-0.10766702544660828,0.20465923374271183
1988-09-30,0.34387985169720975,-0.09536441213432537,0.24376554939841713
1988-10-31,0.2956589506714274,-0.06980917778517097,0.3462944107390602
1988-11-30,0.32882103469865986,-0.03562617194645049,0.5318607558791513
1988-12-31,0.34900622019704125,-0.03683010768537393,0.44847434063467523
1989-01-31,0.5001597617518477,-0.0029925325473268397,0.38712814256376604
1989-02-28,0.5387180290171869,0.04707454047107708,0.49386950331212615
1989-03-31,0.2233157860925453,0.07424683547758434,0.2534140430885783
1989-04-30,0.11582375494221427,0.1008524885898998,0.17544121032500218
1989-05-31,-0.1378291931985732,0.09124202116987132,0.3741569327582327
1989-06-30,-0.14715848575836724,0.07984622549855007,0.2983040363444471
1989-07-31,-0.18199122219263725,0.08131546689846166,0.09028284023976775
1989-08-31,-0.40713926086636143,0.05823775549962198,0.0837421872991481
1989-09-30,-0.36030393922306486,0.010160357007912232,0.18553795828680641
1989-10-31,-0.41142871019279237,-0.019985252045839688,0.0671408681363939
1989-11-30,-0.384645031830234,-0.022659041206435325,0.04586915378572126
1989-12-31,-0.5745737708448291,-0.011184289319285279,-0.005845831894097611
1990-01-31,-0.6228277895050685,-0.004226952829714337,0.028310176923349105
1990-02-28,-0.617162077149922,0.017705931263955713,0.23764313217937216
1990-03-31,-0.43205121571606403,0.011653439199882223,-0.05453807835979167
1990-04-30,-0.4048059893628719,0.02864722406683957,0.11988715929632243
1990-05-31,-0.31689059766007344,0.0074917212042894575,-0.2322296357766294
1990-06-30,-0.41792560178703775,-0.0018088392018617428,-0.1537440598287063
1990-07-31,-0.41112457745301495,0.012731981213524458,0.027741587925350388
1990-08-31,-0.46381972923963877,0.0402866458172212,-0.10016641889938123
1990-09-30,-0.6331611501485549,0.14864399095199018,-0.3219740403010368
1990-10-31,-0.8068241644586925,0.22463052781249152,-0.4440674422135458
1990-11-30,-1.1889770814518608,0.24820727218989508,-0.6999364416819277
1990-12-31,-1.2811811278353482,0.22225070140319594,-0.805557804416407
1991-01-31,-1.4637841965694391,0.1730423836674123,-0.7967925721305095
1991-02-28,-1.7910583813762444,0.11824337678427382,-0.9668839528006654
1991-03-31,-1.76756008595282,0.08407476551914009,-0.5754971511245052
1991-04-30,-1.8161482030182674,-0.0003085793798839599,-0.3983918045326443
1991-05-31,-1.7081683751401524,-0.04616878219429399,-0.05686701818296451
1991-06-30,-1.3354426317530106,-0.050049275618672937,0.11124632878837282
1991-07-31,-1.12223597285941,-0.05931452555073603,0.15249519438494494
1991-08-31,-1.032931530561017,-0.1340614776847929,0.41100768948652644
1991-09-30,-0.8516328666288581,-0.22342065894239266,0.5079070313404784
1991-10-31,-0.7365464537266884,-0.3314723308312468,0.6672636812695367
1991-11-30,-0.5773380116868747,-0.41569523639606387,0.8097109302897993
1991-12-31,-0.5293870858003786,-0.42231304940763426,0.9316499005800839
1992-01-31,-0.4829612117823019,-0.3931956948688386,1.1041816509657758
1992-02-29,-0.1531417563370568,-0.44103965350299285,1.370033722062142
1992-03-31,0.017670415209671598,-0.47490418041939186,1.4059331490287057
1992-04-30,0.3075538642771707,-0.4321742908682321,1.253432442664701
1992-05-31,0.2554323170594735,-0.4124486813865738,1.2554908958763247
1992-06-30,0.18072161880592721,-0.42413951252532434,1.1778075338238287
1992-07-31,-0.17381262477869067,-0.4792588662270082,1.0729026126619077
1992-08-31,0.04815351451964403,-0.4973283586469801,1.0771731135167495
1992-09-30,-0.04020718872436176,-0.5183142370455874,1.0469938466331261
1992-10-31,-0.08850122486310234,-0.5949990610253693,0.9284952688758695
1992-11-30,0.1571419594425975,-0.6502393920412886,0.8562231481101169
1992-12-31,0.3750617522902428,-0.6724863033065019,0.8764035165767046
1993-01-31,0.6858655308165157,-0.8849686484306201,0.9608103408435447
1993-02-28,0.6418669889252697,-0.6669392451284003,1.108915470112135
1993-03-31,0.41358818977360756,-0.7951520125724013,0.9565984295429252
1993-04-30,0.06649183013578376,-0.8907428019210536,0.8260693791850342
1993-05-31,0.1722179132225651,-0.592674910495228,1.0867912062138
1993-06-30,-0.024003177445251742,-0.7324979707412714,0.8488938854021084
1993-07-31,0.1544062150349903,-0.803631390007149,0.9311597115730079
1993-08-31,0.07169079590004336,-0.9458918715936372,1.0138331566558803
1993-09-30,0.015766047750378275,-0.8684711272445036,1.1270917116232968
1993-10-31,0.2515083339148007,-0.9091238002747244,1.3556039553655994
1993-11-30,0.1844158722217616,-0.716214540970609,1.2865991919730833
1993-12-31,0.2566208491487984,-0.7240063704694032,1.2499371465015814
1994-01-31,0.38769902722962957,-0.8381477756586874,1.3524598857606989
1994-02-28,0.22183431724405864,-0.9061520810786542,1.0771940037553531
1994-03-31,0.22667271904545608,-0.7940666296915511,0.5096452676708092
1994-04-30,0.7454086886610791,-0.9521631518993354,1.652349542038182
1994-05-31,0.8025549577637614,-0.9347042104869193,1.2013059162709463
1994-06-30,0.9286670974665165,-0.9320296897129106,1.4330418550101365
1994-07-31,0.8801185616808841,-0.8738687920127647,1.374668401788778
1994-08-31,0.8659279706792432,-0.8698249498120395,1.1779274486119662
1994-09-30,0.9974632319852028,-0.6204303029318087,1.0415858407261407
1994-10-31,1.109537869852565,-0.5601973184176853,0.7552973373873204
1994-11-30,1.1553722285170804,-0.8165861773596547,0.7705598059828836
1994-12-31,1.0897692221633264,-0.5281677506644544,0.549809779362129
1995-01-31,0.8710888102810304,-0.881936807382589,0.38870118899043465
1995-02-28,1.0725601472605746,-0.4785927697140922,0.38825419751870566
1995-03-31,0.81484360726678,-0.5062767436751842,0.816796252200934
1995-04-30,0.3853755559288757,-0.5044451334677601,-0.03304151615360158
1995-05-31,-0.00973533078259891,-0.3857192627849391,-0.46853855632994595
1995-06-30,-0.05429065196433815,-0.347269390241745,-0.2985181561616642
1995-07-31,0.05902332513457505,-0.5192256776355785,-0.19730261152548675
1995-08-31,0.07000403345829849,-0.45354245251779285,-0.1936851958202133
1995-09-30,0.04785403041938897,-0.5241478796902093,-0.0741657855566199
1995-10-31,-0.02741230818351657,-0.4471834413629336,0.08062917261996905
1995-11-30,-0.15133196207856142,-0.4175536691083019,-0.06522051999413755
1995-12-31,-0.29277136738566323,-0.5013302933944841,0.1199916412661073
1996-01-31,-0.4251585721155544,-0.5416760948752076,-0.1269609252785502
1996-02-29,-0.5780027773346751,-0.31469767232016593,-0.441304930394864
1996-03-31,-0.251133670933344,-0.5696653914892197,0.33026973306966056
1996-04-30,-0.12054760428368484,-0.5119023341877913,0.30161460952310554
1996-05-31,0.30953542516600036,-0.43587734310434767,0.5993367578395621
1996-06-30,0.4260361313538794,-0.4633955147824327,0.5689080384460667
1996-07-31,0.5873438399986157,-0.5197862857524891,0.5249548560596324
1996-08-31,0.3193906739660958,-0.4382245846414652,0.5071692508145759
1996-09-30,0.445159878417757,-0.48576258020168744,0.4045550050408766
1996-10-31,0.3398917127398146,-0.37261200507175035,0.35962348560223917
1996-11-30,0.38844430064946084,-0.3761848465951919,0.2881855026020989
1996-12-31,0.4369386211005279,-0.1661097788064245,0.22915262380011858
1997-01-31,0.48445583856511926,-0.23101963405254144,0.5161199635855005
1997-02-28,0.5758765171274758,-0.23993924768636002,1.0567193320705663
1997-03-31,0.7678383244129107,-0.4180780000161699,0.2962409633512096
1997-04-30,0.9328332552159058,-0.46594950544415586,0.4267348123227194
1997-05-31,0.7934597148198349,-0.5384970163902691,0.36920247891835284
1997-06-30,0.5890886582762375,-0.5982900045456417,0.14035355591566742
1997-07-31,0.505163530921502,-0.6672467442641339,0.05597422914487719
1997-08-31,0.7537038881000905,-0.694157849446087,0.1225615945871108
1997-09-30,0.8804460618147766,-0.6558760581917931,0.16056933384836855
1997-10-31,0.9646767024168375,-0.6255083651101995,0.1481299341653611
1997-11-30,1.0883443045325505,-0.5794787614428101,0.28291194782202206
1997-12-31,1.0420445403632446,-0.6559733340600876,0.12085959666865063
1998-01-31,0.9900103933996692,-0.7195346502374611,0.15063427551037448
1998-02-28,1.0017097104710748,-0.8725493542759223,0.47261026651564747
1998-03-31,0.7145541815185115,-0.7684295581235195,0.2702410192450535
1998-04-30,0.6227401703485613,-0.7713384927807116,-0.04155488068149005
1998-05-31,0.601934474595158,-0.7885129067621108,-0.31876341744803355
1998-06-30,0.49977232724072573,-0.662224975098031,-0.0910478125356477
1998-07-31,0.32379048517065234,-0.6290674492505942,-0.06984055522209771
1998-08-31,0.11586636259071446,-0.6530430209793409,-0.1799907007962758
1998-09-30,0.1958341135785234,-0.5982915429297738,-0.42330075608158896
1998-10-31,0.08252929280404617,-0.6684166908990097,-0.7707556874103603
1998-11-30,0.23378632138187735,-0.7096339051517583,-0.5909336224169365
1998-12-31,0.05102463293724676,-0.8518186290976626,-0.5760827886380958
1999-01-31,0.04787800687177411,-0.7699703936180453,-0.5061848215948481
1999-02-28,0.15382951213603263,-0.7126564767287907,-0.647193864301953
1999-03-31,0.20575342208447012,-0.6486762306204967,-0.5376636463371172
1999-04-30,0.12716746726100195,-0.5660225273619977,-0.44172609014399844
1999-05-31,0.0695516261750023,-0.37079202387021865,-0.2766608369235299
1999-06-30,0.18995450747095713,-0.43456510835895595,-0.3497296999668328
1999-07-31,0.22497769669249224,-0.4377159390503703,-0.34857306155060647
1999-08-31,0.3778733774035042,-0.17927873607445544,-0.4439523486765086
1999-09-30,0.2251424832264714,-0.16132625305176537,-0.4897127084196203
1999-10-31,0.14514235536366005,-0.014985663298329404,-0.5914035495363048
1999-11-30,0.2535513573334436,-0.051005612136768935,-0.6523734390714422
1999-12-31,0.3991437964324175,0.07707809957576989,-0.6075323886684793
2000-01-31,0.6181439217026536,0.12407793317567187,-0.632050042292664
2000-02-29,0.28330459204199887,0.3177502181474247,-0.42698452664270276
2000-03-31,0.3189027493813736,0.3244166659072718,-0.5281388115022438
2000-04-30,0.11501799593014872,0.45866765671449583,-0.7442065419465806
2000-05-31,0.3011086020271188,0.21918060852383794,-0.7056398622024397
2000-06-30,0.14168389350813507,0.3030051983365281,-0.9579669827589958
2000-07-31,-0.011259136080289125,0.4422903082924422,-0.718197209939749
2000-08-31,-0.39066584512167885,0.4474103779210282,-0.4934576718718786
2000-09-30,-0.5025676872781301,0.3059832484101543,-0.7444173425508753
2000-10-31,-0.38184015813437044,0.3585655368680336,-0.7762437033985136
2000-11-30,-0.8109687722684445,0.33721087522056215,-0.9615368886288105
2000-12-31,-1.2005234936318088,0.3013521934427671,-0.9913006764082054
2001-01-31,-1.6408346308902182,0.48221441900618817,-1.3245029503397556
2001-02-28,-1.8453150116900574,0.6887701851242612,-0.9649068222932573
2001-03-31,-2.1921434283169794,0.3420956403262704,-1.2334814185305836
2001-04-30,-2.2387102588422167,0.2593015081063369,-1.1644827475280404
2001-05-31,-2.626732276294288,0.28129074091488626,-1.0256886348764944
2001-06-30,-2.816065549241087,0.35598335399261816,-0.6335267747743741
2001-07-31,-2.861566051911492,0.22445420772547223,-0.8021202082334092
2001-08-31,-2.874768917419961,-0.07677108546663727,-0.7512888838854196
2001-09-30,-3.041476867375118,0.14435147478675292,-1.170633251843611
2001-10-31,-3.0420362584149103,-0.16771656756201758,-1.1955398340597858
2001-11-30,-3.22717568483861,-0.1888445129139065,-1.0025790039812235
2001-12-31,-2.789100151013763,-0.25791540463348633,-0.8685687640131347
2002-01-31,-2.5478581745871023,-0.5711815949814835,-0.5904717080717715
2002-02-28,-2.2873671975449694,-0.6490606744279849,-0.9390238389808812
2002-03-31,-1.9519078527809373,-0.5219178779170831,-0.5995612002998562
2002-04-30,-1.8689202148859658,-0.5303143856821069,-0.5509177105507431
2002-05-31,-1.628884587696062,-0.5066809508940726,-0.4475466909652637
2002-06-30,-1.192392506281829,-0.6116897599248061,-0.615508893150702
2002-07-31,-1.039424344707566,-0.5720483814070799,-0.7356670625188066
2002-08-31,-0.986479632941757,-0.506265323233261,-1.0169019725530057
2002-09-30,-0.8491384861223086,-0.42876433311919265,-0.9618099394664854
2002-10-31,-0.6899822288820467,-0.31057454642079124,-0.6361073498789794
2002-11-30,-0.644184177044859,-0.13789594059914123,-0.5446151356095014
2002-12-31,-0.7851634059295413,-0.199396715861064,-0.5412183046510677
2003-01-31,-0.781245036947164,0.041864976437958924,-0.3495658886565721
2003-02-28,-0.8174282794064506,0.008276028440715599,-0.595734523557914
2003-03-31,-1.1383858802223017,0.047538543783943864,-0.5844710547809138
2003-04-30,-0.9414622644259737,-0.15683294274932227,-0.3817584327013662
2003-05-31,-1.0859299457307459,-0.480907162510985,-0.3356231828992069
2003-06-30,-1.1230128691065777,-0.43671865197640897,-0.3358097534465085
2003-07-31,-0.9240075037658729,-0.44245509233266916,-0.32098901210147057
2003-08-31,-0.6427322796560944,-0.2505583038438737,-0.17284955135962524
2003-09-30,-0.5442496713974766,-0.3464892730787495,0.015352355014463798
2003-10-31,-0.37128448779508194,-0.3944224243879877,0.05427976905518689
2003-11-30,-0.18351525660808626,-0.4644441114677625,0.3271482524960468
2003-12-31,0.013720146820672213,-0.6289404478265828,0.3346853595763859
2004-01-31,-0.0016592047433251465,-0.546482629077495,0.20199526164141865
2004-02-29,-0.1381897712065994,-0.4844907867969846,0.5447591529139617
2004-03-31,0.22136294819014776,-0.43814891511629556,0.5805197791552485
2004-04-30,0.3651746324820788,-0.3907294910372921,0.8739448858031598
2004-05-31,0.4553836944982492,-0.1879626230731514,0.7448995146648217
2004-06-30,0.4966118335919262,0.037792713858019925,0.9946622274758306
2004-07-31,0.06452323373633355,0.0302765093569166,0.5328977551889766
2004-08-31,0.18826455370062814,-0.12372155141783787,0.6994976643399058
2004-09-30,0.1689676121788851,0.006401701099540582,0.5188810748358393
2004-10-31,0.16921502273733485,-0.056581175946359294,0.3353460780688704
2004-11-30,0.22546935845128388,0.14877894990932586,0.3675253545770182
2004-12-31,-0.00542948690184055,0.05263370304807666,0.40140378812254374
2005-01-31,0.30661650038577304,0.08422240261312527,0.36413581683778934
2005-02-28,0.5126464328601212,0.22648279916595887,0.555549209643904
2005-03-31,0.5501575405577325,0.29568278284289423,0.4305780519648872
2005-04-30,0.08498755552545434,0.14062140166264483,-0.01905887707274148
2005-05-31,0.08063588821357584,0.1743906511134649,0.12708016944107242
2005-06-30,0.09270419920976429,0.2066980992165753,-0.30543670551115926
2005-07-31,0.5432205469943797,-0.08188529064078996,0.16825463483585135
2005-08-31,0.23481651331096193,0.2323227733043672,0.03644011044662392
2005-09-30,-0.12158618012028836,0.20992692914192781,0.15147799549751603
2005-10-31,-0.44905055105585173,0.6352749774993228,0.2630642226843847
2005-11-30,-0.28594729111533784,0.5789107203169153,0.27325413077158545
2005-12-31,0.15708267920239155,0.36261599733282784,0.37049746848474235
2006-01-31,0.09322957071231605,0.31575044904536714,0.13530676499511993
2006-02-28,0.26888487365666175,0.49751678411358113,0.2645479329880279
2006-03-31,0.04002751196517328,0.23917566565804182,0.2472847336187585
2006-04-30,0.1627651054417613,0.36351966606696057,0.5015734840598971
2006-05-31,-0.20872456657374797,0.45212166071308413,0.14852058870274754
2006-06-30,-0.2454060366851219,0.7827355226612024,-0.006184855337167644
2006-07-31,-0.5027680647041188,0.7331547847564791,-0.23636784886751286
2006-08-31,-0.601218033274374,0.7496680195694425,-0.28438242937433383
2006-09-30,-0.2408003747104379,0.948622291285024,-0.3881868597019506
2006-10-31,0.03325120562686103,0.33323591412421555,-0.4648145435351889
2006-11-30,-0.34295335867147825,0.35581492953494404,-0.5564775230689938
2006-12-31,-0.6076258758195706,0.34242407117669166,-0.5194889654200847
2007-01-31,-0.41623176491248864,0.25770574389348955,-0.39261418030319806
2007-02-28,-0.7901328647387832,0.2738151615097451,-0.560443775834324
2007-03-31,-0.5844721262938363,0.665377975023492,-0.734680309720607
2007-04-30,-0.6288851662038563,0.472772666063476,-0.6657928500418848
2007-05-31,-0.25582455206486976,0.2911085595450415,-0.7083032770021584
2007-06-30,-0.4366298599051732,0.24546623894860314,-0.8028000360251786
2007-07-31,-0.4041474887702082,0.29462922004809944,-0.9697216771293354
2007-08-31,-0.5021803202333154,0.12489234717418535,-1.870398265476775
2007-09-30,-0.5044022160359022,-0.05016621631163593,-1.7198948911983833
2007-10-31,-0.6825990096150948,0.34380315625444696,-1.3803769062981548
2007-11-30,-0.6055879210317263,0.512767765559324,-1.9695504705288192
2007-12-31,-0.6223633330376656,0.7066149055115973,-1.8418339268921273
2008-01-31,-0.9854869739322715,0.6996709024008001,-2.530598843514696
2008-02-29,-0.9885304488415404,0.8244202164139413,-2.5233512967452505
2008-03-31,-1.3434121591084571,0.6037105273560905,-2.6185187415593827
2008-04-30,-1.5827555857167999,0.5867838234080742,-2.666072920968261
2008-05-31,-2.002977881610487,0.48292758179552414,-2.6589996630520174
2008-06-30,-2.047312656307026,0.5537666183617073,-2.683077910069041
2008-07-31,-2.171392522669443,0.9608937208068832,-2.5869287663641236
2008-08-31,-2.361389905176082,1.0862546084739866,-2.8901988286605627
2008-09-30,-2.680686344794898,0.8962159519826386,-3.1998828783359476
2008-10-31,-3.229531721612145,0.7134440269347334,-4.01254489537534
2008-11-30,-3.3676555401901505,0.07626700402313778,-3.9791057290591954
2008-12-31,-3.4449060446967135,-0.7383994629421168,-4.134687260390396
2009-01-31,-3.554792358373902,-1.351639827086808,-4.000738042098776
2009-02-28,-3.634880137665955,-1.2755740766167927,-4.05218750963781
2009-03-31,-3.627846411420095,-1.3291105712679547,-4.070556437052908
2009-04-30,-3.5803569240747706,-1.5015808880958008,-4.061055964455481
2009-05-31,-3.500137816705782,-1.5502454740215217,-3.9399775720036345
2009-06-30,-3.383661815696045,-1.73542787608444,-3.8471360863633834
2009-07-31,-3.267182042564632,-1.9721838796768925,-3.631498378870655
2009-08-31,-2.892201405995643,-2.2274806790660806,-3.0520477113923175
2009-09-30,-2.6115702322860717,-2.0642822175806432,-2.204692644520849
2009-10-31,-2.18151193044994,-2.055542739909705,-1.5585926435439394
2009-11-30,-1.958726512441879,-1.667479222241926,-1.3152974250476148
2009-12-31,-1.4149115142464037,-1.1969275264019297,-0.4439832180964673
2010-01-31,-0.7612601104883004,-1.0240336013105706,0.20344670487429856
2010-02-28,-0.1098318141262723,-1.0148296742726801,0.35567238741195223
2010-03-31,0.04891446046690103,-1.2639588728356752,0.4644997651762721
2010-04-30,0.5065531577626785,-1.35366202281432,1.1092624626936218
2010-05-31,0.928117788811094,-1.3548800717282543,0.3307570441260003
2010-06-30,1.0907851382064697,-1.4708134176454808,-0.05479619690418889
2010-07-31,0.9497775722406104,-1.446617420514947,-0.39465336531291395
2010-08-31,0.9077419431164699,-1.5392334237843457,-0.2800061637121124
2010-09-30,0.782481065012511,-1.5861092984449559,-0.13317789762556584
2010-10-31,0.8190770184021436,-1.4471426864025645,0.0871424259644125
2010-11-30,0.7869523868307784,-1.3028226980756354,0.22765683868795905
2010-12-31,0.6846048769094438,-1.2752504816098842,0.11219171762181573
2011-01-31,0.7114942526739275,-1.1731817146077306,0.2543486697876291
2011-02-28,0.8201885053225833,-0.9348156903095973,-0.007262897778263109
2011-03-31,0.6567609331280997,-0.6842820913995674,0.1220052161241093
2011-04-30,0.603378739365117,-0.6270386690395865,0.16062731967672308
2011-05-31,0.3569003101296908,-0.46300055119979544,0.2718259742007036
2011-06-30,0.2415000913378471,-0.3573531729684624,0.3807271943101044
2011-07-31,0.2978288194598323,-0.2671049669668975,0.4484621242618861
2011-08-31,0.34862935627684494,-0.1737693005590172,-0.36497276872000955
2011-09-30,0.2855998508298144,-0.1060134657643817,-0.7520171699583642
2011-10-31,0.323668143186105,-0.10730951783304614,-0.9494673589320632
2011-11-30,0.3480044547456724,-0.16766718872472433,-0.868143151064627
2011-12-31,0.3983427414765322,-0.20610188735392476,-0.5264007342974052
2012-01-31,0.42982535000224037,-0.11839858716358193,-0.40910422610130853
2012-02-29,0.41453627114001207,0.029249772650370143,0.1465728059689089
2012-03-31,0.6424072412703526,-0.1572368125404191,0.3220498786597794
2012-04-30,0.40473227797420275,-0.110158922354582,0.21972205474404147
2012-05-31,0.4580971824835306,-0.20865302311772715,-0.10535074834125767
2012-06-30,0.39210471499327043,-0.4273877439545737,-0.28144655331003166
2012-07-31,0.39328694180206586,-0.45570207418034575,-0.1506960959993372
2012-08-31,0.2369463677593067,-0.414187599326803,0.06541687456961294
2012-09-30,0.11171435396614883,-0.3200196657394523,0.02724838306225298
2012-10-31,0.14249637600418572,-0.3102845143888593,0.35320213694865704
2012-11-30,0.10414570707669248,-0.3833278893852324,0.26305925412609016
2012-12-31,0.11861751594490763,-0.33110019415681474,0.31580437338047207
2013-01-31,0.3878444661177277,-0.3658245072631943,0.5995290040770334
2013-02-28,-0.07499291528992122,-0.28502953798473574,0.46665939032939535
2013-03-31,-0.09179825901090208,-0.28932832547887205,0.6185735400175438
2013-04-30,-0.04038320457503211,-0.5715208383839347,0.6094820998890883
2013-05-31,-0.20863920748774992,-0.5917739942887633,0.7892795228343202
2013-06-30,-0.11553552867746801,-0.6776429518384933,0.5078350461732671
2013-07-31,-0.036840200112129295,-0.571534496522686,0.44314596638731885
2013-08-31,-0.0981751172951645,-0.5140379494822058,0.34062152587183026
2013-09-30,0.02695246108829663,-0.4999916549001556,0.593236131617809
2013-10-31,-0.09503341748874143,-0.5278761742444065,0.5771880441285198
2013-11-30,0.10941251412843932,-0.7132144598990456,0.8835863776832389
2013-12-31,0.15124711303346164,-0.4866705763054772,0.9047735559625939
2014-01-31,-0.10738268451368037,-0.4107368405900353,0.6964071085387376
2014-02-28,-0.1790338433365964,-0.4813163409184657,0.6118339198092423
2014-03-31,-0.14532653720982325,-0.5298057363150057,0.5622480185830744
2014-04-30,0.16677380860299054,-0.41597644082692514,0.8193808711580499
2014-05-31,0.5058057828188772,-0.38263950283921383,0.8587370127000868
2014-06-30,0.43611458257411706,-0.20981595969933756,1.0741182607747406
2014-07-31,0.37892239645796044,-0.370053647134724,1.038034318845397
2014-08-31,0.5526138054688354,-0.30689284349112617,0.9365292229101657
2014-09-30,0.45588523984637,-0.45846660527524524,0.7194289078723008
2014-10-31,0.5940245126809366,-0.5297632365822154,0.5475205517495028
2014-11-30,0.4805661062049258,-0.4450901889053235,0.5377290827929415
2014-12-31,0.6279171561982383,-0.656391589447209,0.2556863811753749
2015-01-31,0.5368620436976217,-0.8641426397296851,-0.019319192894147106
2015-02-28,0.5573451181052479,-0.9692498807279518,0.1866236447636184
2015-03-31,0.175236887754455,-1.0255833553259557,0.27106253809311126
2015-04-30,-0.11978021248497593,-0.7972956610000667,-0.07967504749650228
2015-05-31,-0.17797941440527731,-0.6738990260193812,-0.00425911820382246
2015-06-30,-0.1732777352410978,-0.6903127635156904,-0.007560745567358934
2015-07-31,-0.4117671338853475,-0.6507559431089085,0.012455713579190036
2015-08-31,-0.3008159624092178,-0.8324617020695272,-0.49492535669037707
2015-09-30,-0.3638923861519869,-0.8728211489962814,-0.7608370163985453
2015-10-31,-0.4381946333553794,-0.6522148288662883,-0.648518367200469
2015-11-30,-0.6198135876282058,-0.664637331434203,-0.706898986007499
2015-12-31,-0.8512233035352534,-0.6377688153693833,-0.845148118986007
2016-01-31,-0.980341529766697,-0.6176596122444428,-1.0673344849916164
2016-02-29,-0.7436022998682998,-0.4406072299859262,-0.8372254095706145
2016-03-31,-0.6107543623014275,-0.28287261386949636,-0.5299290653983935
2016-04-30,-0.7207238172937604,-0.3159464829586356,-0.29925905136260134
2016-05-31,-0.7651811969943288,0.014139407525007228,-0.22931952710917758
2016-06-30,-0.8318116007296833,-0.06687523924985836,-0.19326782200938966
2016-07-31,-0.5471304286976291,-0.18960609647933596,-0.13179710273232811
2016-08-31,-0.5665992137736079,-0.13212426801683647,0.24580502895586623
2016-09-30,-0.5044711693389983,-0.04277202013451748,0.028472397470639864
2016-10-31,-0.537539827688039,0.07037262202087187,0.2206710708485917
2016-11-30,-0.37507714860404956,0.0322356900906641,0.30968497884291996
2016-12-31,-0.38172820960024345,0.20026988362985434,0.334176081443242
2017-01-31,-0.02114171968516313,0.25660816721594054,0.49614990823215854
2017-02-28,0.08043467903681434,0.5704343578492598,0.5289329565254235
2017-03-31,0.05994070230682337,0.5608215393888538,0.5517317397121587
2017-04-30,0.13935886197482988,0.198589406538326,0.5286157990006415
2017-05-31,0.21480200347963974,-0.030137275646940995,0.7167933506594241
2017-06-30,0.1692386622729145,-0.09310423308093271,0.5503062059007563
2017-07-31,0.20667723325757673,-0.16478811945792912,0.8260674712703233
2017-08-31,0.09315483468224858,-0.11739764948944531,0.451420450618335
2017-09-30,-0.10238231772105486,-0.07386320985474845,0.7561823949909671
2017-10-31,0.24040017852250978,0.053694553591634206,0.49235422715669747
2017-11-30,0.35899077723215084,-0.002251725018372401,0.5799220795604882
2017-12-31,0.6111412072156381,0.06756179058977432,0.7091029562162653
2018-01-31,0.522198593549015,0.2305182158169954,0.44705676996478566
2018-02-28,0.3101624558281143,0.4922773200152273,-0.03689317585946983
2018-03-31,0.24780491379715236,0.20983445821290955,0.3803127018563265
2018-04-30,0.27610746026010646,0.3440811301083299,0.3955346018149257
2018-05-31,0.41927707316097096,0.6239169455363638,0.583729392154644
2018-06-30,0.3971980226815777,0.7017207633755819,0.43885597125451453
2018-07-31,0.4580827723563907,0.6958049673170367,0.23977994173481484
2018-08-31,0.3446261377517759,0.5966744869165919,0.43571167273479067
2018-09-30,0.7505564571035338,0.6201947095041787,0.14390863379975316
2018-10-31,0.24403051212235788,0.5766845139030821,-0.040012593477072235
2018-11-30,-0.051165306280980934,0.5483181242178252,-0.3312568980927228
2018-12-31,-0.2703702702720769,0.6243814908892126,-0.7457171042732326
2019-01-31,-0.599659335924217,0.5071167096292754,-0.26968926177794933
2019-02-28,-0.8060237164722687,0.43956430236463206,-0.2662599753538036
2019-03-31,-0.7665671962009984,0.3864572279886163,-0.6056107359046045
2019-04-30,-0.8041405583184844,0.4541666183022867,-0.45837635591427744
2019-05-31,-1.043662355259913,0.3083831525148468,-0.7597684257658612
2019-06-30,-1.0428271549969397,0.16061073153857625,-0.4479394560769844
2019-07-31,-1.0047943267042025,0.2142626961149936,-0.48697971859110156
2019-08-31,-1.1135245297733036,0.24640813517263865,-0.7663846988644016
2019-09-30,-1.033951776212939,0.1825655860193504,-0.30194241674119043
2019-10-31,-1.1467327514967358,0.16023945899665726,-0.2771760081455757
2019-11-30,-1.364975304700164,0.26148205226382293,-0.11649748668777882
2019-12-31,-1.4195107940120797,0.4829151397871736,-0.14660204604275798
2020-01-31,-0.9895192058211617,0.24401530210901026,-0.28636485146876495
2020-02-29,-0.9112423423973899,0.4408135853554196,-0.5997916823346547
2020-03-31,-1.3661175904310823,-0.0885826945719977,-1.913413239049827
2020-04-30,-2.9100284012402535,-0.23786234639883802,-2.696987531496998
2020-05-31,-3.9426900940523195,-0.5929141082036938,-3.524406716970748
2020-06-30,-3.7920787512487926,-0.5266179468863211,-2.596362910502043
2020-07-31,-3.2760977045148794,-0.5874737517671271,-1.84313136410858
2020-08-31,-1.930331887119866,-0.0919422022767342,-1.1623818767535088
2020-09-30,-1.7000136866315816,-0.08476596716878279,-1.170701240784453
2020-10-31,-1.3657507449752952,-0.3037317444770193,-0.9623108219548177
2020-11-30,-1.1138929635657617,-0.19175520307042912,-0.6342264398951402
2020-12-31,-1.103183489972011,-0.1886220600514475,-0.3294247147599088
2021-01-31,-0.9857077676271235,-0.004175664125593253,0.08149048313250017
2021-02-28,-0.537423031522693,0.012710889837381853,0.47176157838713045
2021-03-31,-0.307458344000722,0.45763153203926005,0.1685283198759594
2021-04-30,1.115787050493873,0.7897259056108902,1.0241531376472968
2021-05-31,2.9216412283568443,1.415184380911053,2.0043601026860998
2021-06-30,3.7119437036801735,2.089749007521163,1.849768376777409
2021-07-31,3.054727285257635,2.2524451082016514,1.5437893187039513
2021-08-31,2.4792281877931575,2.310181996796159,0.7470541744004808
2021-09-30,1.9928104202193402,2.537509747220581,0.5424534343804517
2021-10-31,1.560711018647025,2.808006747938263,0.0797828096464482
2021-11-30,1.5393519909701296,2.969367029140543,-0.09383259224560588
2021-12-31,1.694837967859004,2.9539396973710983,-0.07646307035316878
2022-01-31,1.5676933822184669,3.000374250776662,-0.18634101480285759
2022-02-28,1.0089933749429458,3.0661870764997223,-0.8093161387555609
2022-03-31,1.407195173151109,3.218207855721438,-0.6480422401133457
2022-04-30,0.6484784421099405,3.2027779608008613,-0.8797614582912808
2022-05-31,0.38040463619534226,3.138215331902642,-1.3806944814760191
2022-06-30,-0.07683890931279146,3.095837747289488,-1.8283759449077195
2022-07-31,-0.2588282313893831,2.9990723271260222,-1.7178794148857972
2022-08-31,-0.09698812371028233,2.9750007023631286,-1.5698822145132072
2022-09-30,0.07217900945428428,2.881952104597213,-2.2281427395969295
2022-10-31,0.22968960064712557,2.8524603057957982,-2.111198297578339
2022-11-30,-0.297101959761091,2.78954549741319,-1.8507536219248213
2022-12-31,-0.851692330529061,2.7269070338187547,-2.243161588911733
2023-01-31,-0.9438592336909155,2.61275071483368,-2.3768778730777043
2023-02-28,-0.5202959050205765,2.587922480645311,-1.7215840826086002
2023-03-31,-0.771059671966952,2.475510318722429,-2.0842791457438343
2023-04-30,-0.8417876475093466,2.201157737536333,-2.3419392404021755
2023-05-31,-1.098323245495491,2.1262129637689586,-1.9310050866322717
2023-06-30,-0.8144104652014205,1.9542975893934886,-1.3649374605032407
2023-07-31,-0.50485155863512,1.827317216762015,-1.3486970721550402
2023-08-31,-0.4298404206396029,1.6965303762975636,-1.1898252849968494
2023-09-30,-0.5456333571750154,1.881456783642916,-0.6815559112635813
2023-10-31,-0.429528163187527,2.0292166780313172,-1.1112551726680366
2023-11-30,-0.4913613333176697,1.7718505452942006,-0.7985957727485187
2023-12-31,-0.1167493208162375,1.7882415753946868,-0.5001779368584142
2024-01-31,0.19967380597881604,1.5641976869601877,-0.2567781524680501
2024-02-29,-0.4526780277350032,1.5678177053879974,-0.3500027293231596
2024-03-31,-0.2964654257124871,1.4689673792091762,-0.13116550054768553
2024-04-30,-0.35244565324330274,1.5049746925320768,-0.10357805139021371
2024-05-31,-0.2694267240437744,1.327828077501167,-0.1019656468593478
2024-06-30,-0.27676374341344556,1.0058151311700179,-0.2034139996645817
2024-07-31,-0.330169121718113,0.8866006552879706,-0.003920598595484088
2024-08-31,-0.3700248616352245,0.788450565900105,-0.4009458063452944
2024-09-30,-0.3709625397751523,0.8307542237062042,-0.33887761175532527
2024-10-31,-0.5429630121571719,0.9048004207708631,-0.24176682173232455
2024-11-30,-0.32493796974347816,0.9230844402358499,-0.1429113433589735
2024-12-31,-0.5699661213488381,0.8977472449063696,0.42078139549483073
2025-01-31,-0.26585780202028925,0.8820617812142536,0.5230121423767744
2025-02-28,-0.259101160507166,0.9893162616433636,0.2652623056689661
2025-03-31,-0.28891996972582384,0.7739129718801866,-0.0664224582230397
2025-04-30,-0.153538480900717,0.6414993157907878,-0.32577539254986104
2025-05-31,0.07703791271528489,0.5630221353720062,0.022375466356211474
2025-06-30,-0.23480458367291385,0.5136068214832227,0.1848683628557644
2025-07-31,-0.1672560090028729,0.6486335899887796,0.24214913365471857
2025-08-31,0.013148109762056513,0.6463621417382664,0.4140956528857421
2025-09-30,-0.28616249102770014,0.6805122037582921,0.19036699105614815
2025-10-31,-0.2175994679695022,0.5446515521338751,0.298444865614221
2025-11-30,-0.5592246684899592,0.33978090716821685,0.2957248451214326
2025-12-31,-0.44803915379666837,0.21153469391493326,0.373543520229877
2026-01-31,-0.6044374123735405,0.31307473433815003,0.47683433885609594
2026-02-28,-0.3243332058844886,0.19097124261227053,0.3998870933564299
2026-03-31,-0.11673630921533402,0.2605602710383696,0.2507355651302451
2026-04-30,-0.028094469307896455,0.43745211214301066,0.03076559006143075
2026-05-31,-0.16456907004758037,0.7640395775915805,0.4521387086846866
2026-06-30,-0.17317538552782996,0.602644980253087,0.4525269722947777
2026-07-31,0.028548408664716165,0.2611584699448495,0.5794133999765787
2026-08-31,-0.1785728278487261,0.25443589080374973,0.8241972499000167
2026-09-30,-0.0005399465820647259,0.21082116536687892,0.865985915029122
2026-10-31,0.0029021662530115187,0.18820338024855757,0.9527195095061872
