,Recuperación,Sobrecalentamiento,Estanflación,Reflación
1970-01-31,,,,
1970-02-28,1.7191770249991306e-17,0.07742485009170001,0.9225751499082997,2.0485283467504e-16
1970-03-31,4.6877978226765624e-18,0.00844478581095775,0.9915552141890417,5.504237144899017e-16
1970-04-30,1.0928037108219795e-16,0.03281033589897964,0.967189664101017,3.2213887027932716e-15
1970-05-31,1.574405613346413e-15,0.028025662188128554,0.9719743378118153,5.460287943268651e-14
1970-06-30,3.639493513863459e-15,0.012431415724571872,0.9875685842751354,2.8912631807979033e-13
1970-07-31,8.070922359482954e-15,0.008342484032744657,0.9916575159662879,9.593774212988785e-13
1970-08-31,1.2881065771176425e-14,0.005050817379048109,0.9949491826184016,2.537412244095271e-12
1970-09-30,1.595772381547249e-13,0.009115460106769963,0.9908845398757238,1.734664145873967e-11
1970-10-31,2.1664449105211718e-13,0.0026860257433604807,0.9973139741759833,8.043950393573103e-11
1970-11-30,7.740297429901139e-14,0.0010470256436595844,0.9989529742824139,7.384912858871876e-11
1970-12-31,1.5043880889136587e-13,0.0003646645829982162,0.9996353350044616,4.1238978539500313e-10
1971-01-31,8.45844476485214e-13,0.0011511418711518185,0.9988488573940609,7.339414976061693e-10
1971-02-28,1.2726392412236805e-11,0.004310293650472402,0.9956897033969695,2.9398316944982914e-09
1971-03-31,1.540400147899719e-09,0.050924324793535806,0.9490756449576566,2.87084074219551e-08
1971-04-30,2.2915180138324175e-09,0.010232529162565857,0.9897672468930442,2.2165287190718342e-07
1971-05-31,3.942728380458501e-08,0.013616700611543209,0.9863804038875005,2.8560736725301442e-06
1971-06-30,9.781835238938991e-07,0.047062690775254386,0.952916524964922,1.9806076299764605e-05
1971-07-31,5.976875210368932e-07,0.06980622917449975,0.9301852088044501,7.964333529114465e-06
1971-08-31,2.2991756043998253e-06,0.05638693399874656,0.9435722926926806,3.847413296837257e-05
1971-09-30,6.654167885894791e-06,0.030890771994117022,0.9688938648280245,0.00020870900997252382
1971-10-31,1.0342636791555396e-05,0.05800718707775538,0.9418145454771735,0.00016792480827965646
1971-11-30,0.00042530982839326134,0.09788848657145341,0.8977854692316213,0.0039007343685321326
1971-12-31,0.006934148501515069,0.3311445131124029,0.6483450279653662,0.013576310420715844
1972-01-31,0.038000620334143885,0.4548441741844372,0.4680511860653074,0.039104019416111614
1972-02-29,0.047260130816907206,0.3996238400449207,0.4946213468527772,0.058494682285394846
1972-03-31,0.07549006086987392,0.5369135355058768,0.339817983844059,0.04777841978019021
1972-04-30,0.06720585303278645,0.6839519352450751,0.22657837665268785,0.02226383506945054
1972-05-31,0.1171362669481733,0.6729692399194005,0.1787768042101135,0.031117688922312762
1972-06-30,0.15360055900280634,0.6458637965893906,0.16200686339891124,0.038528781008891774
1972-07-31,0.24552672649722973,0.5243026212980532,0.15676081542283227,0.07340983678188483
1972-08-31,0.34212307440329576,0.4710573290026671,0.10822043891902473,0.0785991576750124
1972-09-30,0.35618777496691256,0.5035968578905203,0.08212756499995644,0.05808780214261067
1972-10-31,0.42612969021341385,0.5300002821442399,0.024317956449776176,0.01955207119257009
1972-11-30,0.2946606371905967,0.6666790254447984,0.02681054058140656,0.011849796783198387
1972-12-31,0.3062728049325124,0.6807035878320046,0.008982196774612518,0.004041410460870496
1973-01-31,0.27702970927216747,0.7133435574707947,0.006933919138368764,0.0026928141186691253
1973-02-28,0.14665252645492252,0.8402952511342163,0.011112766812632714,0.0019394555982284107
1973-03-31,0.12472285511621085,0.8137938197485425,0.05331258501066517,0.008170740124581508
1973-04-30,0.08794000488042275,0.8457898819219772,0.06002869995765258,0.006241413239947429
1973-05-31,0.004593976633631265,0.8991288302823321,0.09578777844052545,0.0004894146435111474
1973-06-30,0.002740388322966065,0.8320219494605786,0.1646952139775296,0.0005424482389257012
1973-07-31,0.0005607153755570802,0.8727172540248673,0.12664066476479124,8.136583478429184e-05
1973-08-31,0.00018238763503084234,0.8216280750099669,0.17814999104866677,3.9546306335427874e-05
1973-09-30,0.00048502831666473375,0.8219204471132512,0.17748978502751708,0.00010473954256697084
1973-10-31,3.3701311902580647e-06,0.5415049541054489,0.4584888222945816,2.8534687793433586e-06
1973-11-30,4.0984212233881534e-07,0.4845634124188683,0.5154357417851735,4.359538358209964e-07
1973-12-31,2.9431433305397527e-08,0.30984605813427574,0.6901538468784565,6.555583452368555e-08
1974-01-31,3.585869020344648e-09,0.23723331410688894,0.7627666707777426,1.1529499492052606e-08
1974-02-28,3.601135576681511e-10,0.09923913505938507,0.9007608613118696,3.268631857594662e-09
1974-03-31,1.2211437145790085e-12,0.03575542798098968,0.9642445719848577,3.293153696894006e-11
1974-04-30,6.959421089778462e-14,0.016769185536240645,0.9832308144596092,4.080530477453513e-12
1974-05-31,2.1125874778378044e-14,0.005782682901563942,0.9942173170947828,3.6321740100531623e-12
1974-06-30,4.393422963707922e-15,0.004896366746403916,0.9951036332526988,8.928888255383435e-13
1974-07-31,8.056005996321497e-17,0.002573122383200485,0.9974268776167682,3.12277292344662e-14
1974-08-31,7.378919235740233e-18,0.003021063447316056,0.9969789365526815,2.4351117349396043e-15
1974-09-30,0.0,0.0015781778698091276,0.9984218221301908,0.0
1974-10-31,0.0,0.0009601448642027055,0.9990398551357973,0.0
1974-11-30,0.0,0.0005280883112262491,0.9994719116887738,0.0
1974-12-31,0.0,0.0001975907692744472,0.9998024092307256,0.0
1975-01-31,0.0,8.618858146514086e-06,0.9999913811418535,0.0
1975-02-28,0.0,1.1498395608433576e-06,0.9999988501604391,0.0
1975-03-31,4.1354387612997787e-22,1.8624360464403185e-06,0.9999981375639533,2.2204419138115517e-16
1975-04-30,1.344965229924586e-21,1.5939960285038389e-07,0.9999998406003887,8.43769364218596e-15
1975-05-31,5.788029255872427e-19,3.969689545407536e-07,0.9999996030295873,1.4580553194372924e-12
1975-06-30,2.06035581939357e-17,7.88804061770334e-07,0.9999992111698182,2.611997445219294e-11
1975-07-31,1.279682428731946e-13,3.162203192393302e-06,0.9999967973287448,4.0467934932457505e-08
1975-08-31,4.485703827543649e-12,5.931798359434451e-06,0.9999933119890785,7.56208076421386e-07
1975-09-30,3.872762952500728e-10,4.333639885448127e-05,0.999947727167925,8.9360459442347e-06
1975-10-31,2.2818399873381852e-07,0.0005942228997395561,0.9990219204550695,0.0003836284611920716
1975-11-30,7.611113672690438e-06,0.0016894307318679018,0.9938256393928372,0.004477318761622117
1975-12-31,8.812413319121771e-05,0.005705831272211011,0.9790845015789787,0.015121543015619006
1976-01-31,0.0006224164366302162,0.032583692801396086,0.9486722733171081,0.0181216174448656
1976-02-29,0.005887570298639837,0.1445232727432753,0.8163334701645539,0.03325568679353098
1976-03-31,0.012280647943991519,0.32831536919092025,0.63562828450387,0.02377569836121819
1976-04-30,0.047515697368924636,0.7476283777067078,0.19261427911695644,0.012241645807411102
1976-05-31,0.06794507681822114,0.7469102927765829,0.16970671761139844,0.015437912793797477
1976-06-30,0.07192163924913166,0.7990912826697851,0.11833630371930993,0.010650774361773295
1976-07-31,0.06268942483451802,0.8077707051703457,0.12021057430058459,0.009329295694551754
1976-08-31,0.09158663740782326,0.7872688520390666,0.10851988853594698,0.012624622017163169
1976-09-30,0.0896412684549568,0.7251585378045531,0.1648251517271471,0.020375042013343045
1976-10-31,0.08355940377808628,0.7239361496762735,0.172584142701028,0.019920303844612252
1976-11-30,0.05943786605055329,0.7495269566030541,0.1769990623459748,0.014036115000417734
1976-12-31,0.07044667152310406,0.6315642070776202,0.26808596406570867,0.029903157333567146
1977-01-31,0.09792160522848233,0.6865827504393267,0.18859754075851295,0.02689810357367798
1977-02-28,0.11232576037066457,0.7251233776284716,0.14074816575977844,0.021802696241085433
1977-03-31,0.08271480502022725,0.5175417360871035,0.3446591740976684,0.055084284795000896
1977-04-30,0.04061740133039567,0.6079972714234574,0.32938095476136736,0.02200437248477953
1977-05-31,0.03310597470580827,0.7250175421567859,0.2313141452669027,0.010562337870503159
1977-06-30,0.018324854732970616,0.794626274312806,0.1828325739767832,0.0042162969774402065
1977-07-31,0.01614462366020112,0.794423012734888,0.18565931113878334,0.003773052466127545
1977-08-31,0.015749387500026583,0.7913416083236845,0.18914462237208368,0.003764381804205183
1977-09-30,0.017094203886234872,0.8288978112854894,0.15089608324345008,0.003111901584825624
1977-10-31,0.03385731840780905,0.73577024148283,0.22023793679417972,0.010134503315181273
1977-11-30,0.044441627391823425,0.6904581742981856,0.24906878258814988,0.0160314157218411
1977-12-31,0.043772479977841554,0.787266619295045,0.1600613944937887,0.00889950623332476
1978-01-31,0.053905262821167435,0.711789771667713,0.21780979422584085,0.01649517128527871
1978-02-28,0.03861319101023205,0.7398350412438117,0.21056218568748306,0.010989582058473144
1978-03-31,0.019950973178707143,0.6484739030121172,0.32167835509592574,0.009896768713250017
1978-04-30,0.03648561231604574,0.4820141066692406,0.44761823259711664,0.03388204841759702
1978-05-31,0.0316669127112908,0.6035364750343729,0.3466103388488517,0.01818627340548456
1978-06-30,0.019910870557592004,0.8067140177242434,0.16919903444748907,0.004176077270675475
1978-07-31,0.014988373278535385,0.7940855652830116,0.18738909041386673,0.003536971024586308
1978-08-31,0.004908147884693035,0.7819450899951828,0.211817218338303,0.001329543781821188
1978-09-30,0.003048980293393626,0.6877296005520818,0.30785656789908555,0.001364851255439055
1978-10-31,0.0024733555964762924,0.7104784427199347,0.28605238081916434,0.0009958208644246546
1978-11-30,0.00041433584742559454,0.6772055089293513,0.3221830334065627,0.0001971218166605068
1978-12-31,8.97316715965718e-05,0.6769802405952375,0.3228872300130127,4.279772015321982e-05
1979-01-31,7.397755704880754e-05,0.6745892778066691,0.3253010711096818,3.5673526600212996e-05
1979-02-28,3.983294140952297e-05,0.6745675595428515,0.32537339434847357,1.921316726538648e-05
1979-03-31,0.00011505376274316069,0.686276784030585,0.3135555948579621,5.2567348709803966e-05
1979-04-30,2.8341165720251322e-05,0.6574764503748972,0.34248044550466916,1.4762954713372227e-05
1979-05-31,1.604957254666916e-05,0.47880221614866914,0.5211642647195522,1.746955923184524e-05
1979-06-30,0.00017376179496230018,0.3282828772010202,0.6711880977334691,0.00035526327054847965
1979-07-31,3.722827161986691e-05,0.272636515864629,0.7272269536757267,9.930218802447928e-05
1979-08-31,1.811197279865334e-05,0.2486485931862193,0.7512785704733183,5.472436766385875e-05
1979-09-30,1.0570575621693039e-05,0.23451016866189156,0.7654447582428416,3.450251964510799e-05
1979-10-31,2.18649351483944e-06,0.15283787906928167,0.8471478151692886,1.2119267914849872e-05
1979-11-30,1.9396718940181495e-06,0.12761569679288073,0.8723691041174969,1.3259417728312703e-05
1979-12-31,5.314127613212852e-06,0.1042104248089284,0.8957385835878123,4.567747564595222e-05
1980-01-31,2.6134468779618952e-06,0.07739173188464155,0.9225745001848104,3.115448367002798e-05
1980-02-29,1.3233845767162941e-06,0.06694274796263765,0.9330374835268717,1.844512591396455e-05
1980-03-31,5.081926046598357e-07,0.07710653443952875,0.9228868748187269,6.082549139701304e-06
1980-04-30,1.6684214939253507e-07,0.06994935649284388,0.9300482583279378,2.21833706896348e-06
1980-05-31,5.064698900175934e-09,0.02429785487771711,0.9757019366801027,2.033774812827236e-07
1980-06-30,4.0928394765141625e-11,0.0018823071930549654,0.9981176710632074,2.1702809304488387e-08
1980-07-31,7.489767565100865e-11,0.00036405522284179836,0.999635739045567,2.056566934207298e-07
1980-08-31,4.331302767587973e-11,0.0003019581477229282,0.9996978984117977,1.4339716635551862e-07
1980-09-30,1.5651106932847247e-09,0.000728984280424575,0.9992688687496406,2.1454048241420343e-06
1980-10-31,1.0790216168940922e-08,0.004099754924496597,0.9958976131650675,2.6211202196440707e-06
1980-11-30,2.0308098846585203e-07,0.018388446414026042,0.98160050976307,1.0840741915489706e-05
1980-12-31,7.752784286413921e-08,0.06577366726258199,0.9342251540324026,1.1011771725058459e-06
1981-01-31,1.1945232044610904e-07,0.13440545900030518,0.8655936522544372,7.692929371639594e-07
1981-02-28,4.2927208469737225e-07,0.12917438921491545,0.870822287598029,2.8939149708398745e-06
1981-03-31,7.219002578946855e-07,0.09607215419147398,0.9039203317183139,6.792189954262635e-06
1981-04-30,3.6720110936057277e-06,0.06532299015257612,0.9346207998564037,5.253797992668939e-05
1981-05-31,6.717540250028016e-05,0.13844442599689827,0.8610705936706126,0.00041780492998883537
1981-06-30,0.00029941160985947187,0.23155143264087868,0.7671571698193493,0.0009919859299125605
1981-07-31,0.0007535474436246753,0.3815823101632112,0.6164467853855522,0.0012173570076119238
1981-08-31,0.0026343703545958263,0.3859708300044546,0.6072501295911406,0.004144670049808975
1981-09-30,0.0010211206322184804,0.4633090576795772,0.534491816181495,0.001178005506709329
1981-10-31,0.000790362502475545,0.3415622376825721,0.6561291410245026,0.0015182587904497607
1981-11-30,0.000558965070613078,0.17655869380892944,0.8202854092909584,0.0025969318294991207
1981-12-31,0.0016903287468674154,0.04610459945355983,0.9185291219367296,0.033675949862843
1982-01-31,0.0013965942706418186,0.00866018105475352,0.8524688364032439,0.13747438827136077
1982-02-28,0.0019488591268223962,0.003635798946895489,0.6473976034391922,0.34701773848708994
1982-03-31,0.0010643252615459178,0.0017171243532989708,0.6156315934284282,0.38158695695672695
1982-04-30,0.0061052219280760805,0.0035909791310060626,0.3667580997634027,0.623545699177515
1982-05-31,0.008167984377497056,0.0015366018581586766,0.15680109753937255,0.8334943162249717
1982-06-30,0.015241908888699139,0.0016607098414170866,0.09659092015353266,0.8865064611163511
1982-07-31,0.0121256557221905,0.001559883125741501,0.11242051202524757,0.8738939491268205
1982-08-31,0.010439607900507537,0.0007560356311202392,0.06677341267477062,0.9220309437936016
1982-09-30,0.007938346209379232,0.000388338288034352,0.04624946672967429,0.9454238487729121
1982-10-31,0.006101279050911578,0.00011596048008637493,0.018535481129685682,0.9752472793393163
1982-11-30,0.012203345887678536,3.481515711471445e-05,0.002809987831445943,0.9849518511237608
1982-12-31,0.02161715259125189,4.88659648802039e-05,0.002206553726264363,0.9761274277176034
1983-01-31,0.06584039157688135,6.695239515056362e-05,0.00094890397404215,0.933143752053926
1983-02-28,0.07893351822665472,5.289230639167829e-05,0.000616745749505914,0.9203968437174477
1983-03-31,0.32411114153703535,0.00010131232254937529,0.00021117512616921494,0.6755763710142461
1983-04-30,0.3349306970909957,0.00020733371580401947,0.00041131799407471747,0.6644506511991256
1983-05-31,0.3974167580455814,0.00022309382158648404,0.00033795110522082404,0.6020221970276113
1983-06-30,0.48266950479485443,0.00026426383906393166,0.0002829412980120251,0.5167832900680697
1983-07-31,0.6542666193175765,0.00014180008543014238,7.488429885620515e-05,0.34551669629813714
1983-08-31,0.7888239429495724,9.2564119020117e-05,2.476657211228314e-05,0.2110587263592952
1983-09-30,0.8788046627153198,8.384912190514153e-05,1.1554471128363562e-05,0.12109993369164669
1983-10-31,0.9356901314949354,4.254819875693709e-05,2.9222648490417475e-06,0.06426439804145863
1983-11-30,0.959741751240268,0.00031353903570067424,1.3045317176072246e-05,0.03993166440685523
1983-12-31,0.9798508644028966,0.0005922185066625468,1.1812993978042564e-05,0.019545104096462786
1984-01-31,0.987143425027586,0.0005639841025434797,7.0191088632045745e-06,0.012285571761007351
1984-02-29,0.990345622579013,0.0008620462659496455,7.646627926138607e-06,0.008784684527111163
1984-03-31,0.992422152306907,0.0013961170845510535,8.684102496890241e-06,0.0061730465060449895
1984-04-30,0.9940963398315592,0.000901098189437279,4.53046346611066e-06,0.004998031515537395
1984-05-31,0.9882218226110221,0.0021750565866912445,2.1089859623472757e-05,0.009582030942663173
1984-06-30,0.9840827819435474,0.00291216275228325,3.837186588615951e-05,0.01296668343828324
1984-07-31,0.976504370633441,0.0020126255271045797,4.4186500690150276e-05,0.0214388173387643
1984-08-31,0.9706348527981375,0.0028916559064779556,7.863394246064519e-05,0.026394857352923923
1984-09-30,0.9403782163775812,0.0025296200584402403,0.00015316606411616178,0.05693899749986234
1984-10-31,0.9030110243805834,0.002525699163739709,0.0002634744810948992,0.09419980197458186
1984-11-30,0.8572499186346422,0.001499414488491516,0.0002466299399080797,0.14100403693695818
1984-12-31,0.7605374226545166,0.0007363859907300216,0.00023092167487913013,0.23849526967987425
1985-01-31,0.733913967841027,0.001273164291085314,0.000458591115722497,0.2643542767521652
1985-02-28,0.6926870958680856,0.0014191654916494278,0.0006254285001542503,0.3052683101401107
1985-03-31,0.5109057554050993,0.00047005641590908197,0.00044914313370436555,0.4881750450452873
1985-04-30,0.40826109044130676,0.0007330482459451003,0.0010592714393637516,0.5899465898733843
1985-05-31,0.472371701922347,0.0006562575385642862,0.0007310971102226343,0.5262409434288661
1985-06-30,0.3777391395912075,0.0004039994650882379,0.0006643776211560608,0.6211924833225483
1985-07-31,0.3541908353333078,0.0003557141383744917,0.0006475790509247675,0.644805871477393
1985-08-31,0.29459319098043585,0.0003863095608092608,0.0009233053788744735,0.7040971940798804
1985-09-30,0.22706049808106787,0.00019932465312466418,0.0006777536211015642,0.7720624236447059
1985-10-31,0.2552610530589446,0.00024887368782067307,0.0007251537833989897,0.7437649194698357
1985-11-30,0.33038095771787973,0.00032176030385549484,0.0006511990530565561,0.6686460829252082
1985-12-31,0.37841469816073026,0.0005341012672893763,0.0008753273101214554,0.6201758732618589
1986-01-31,0.2852237604463195,0.0006712863283924545,0.001676730316056215,0.7124282229092318
1986-02-28,0.3708372606452782,0.0013045621608557111,0.0022009888976591997,0.6256571882962069
1986-03-31,0.4351557431409647,0.0015101812893183407,0.0019482550228089922,0.561385820546908
1986-04-30,0.3942211688352063,0.0006424319757145695,0.0009845399062092747,0.6041518592828699
1986-05-31,0.336967422211816,0.00020771791225542157,0.00040833554939358056,0.662416524326535
1986-06-30,0.3547920868146536,0.00012054011934539283,0.00021909310358811802,0.6448682799624129
1986-07-31,0.44589871399801434,0.00019960881302813564,0.0002478459358943022,0.5536538312530633
1986-08-31,0.3766864235894156,0.00014480900690290577,0.00023947179144066677,0.6229292956122408
1986-09-30,0.45811768517242746,0.00016909447929122577,0.0001998764070601794,0.5415133439412211
1986-10-31,0.4826615422820274,0.00019724045553134995,0.0002112443076805749,0.5169299729547606
1986-11-30,0.481967149384443,0.0001882184165251439,0.0002021503921507344,0.517642481806881
1986-12-31,0.5161577330570789,0.0002681220523485821,0.00025106584209130545,0.48332307904848115
1987-01-31,0.5227537024972239,0.00029929105429823304,0.0002729091968962993,0.47667409725158155
1987-02-28,0.49503123686275063,0.00018474742458197288,0.0001883169159155247,0.5045956987967517
1987-03-31,0.4789143663731471,0.0003478758001616008,0.00037798108892711545,0.5203597767377642
1987-04-30,0.5773572183083816,0.000958182394242227,0.0006986685093963134,0.4209859307879798
1987-05-31,0.642989471051135,0.002830656697653105,0.0015523852300122047,0.3526274870211996
1987-06-30,0.7021095298790654,0.007943211374463667,0.0032435792862423253,0.2867036794602287
1987-07-31,0.6415755690140061,0.011518867995266824,0.006118501644590135,0.3407870613461369
1987-08-31,0.6997689534989581,0.014510903593164334,0.005804528025247982,0.2799156148826296
1987-09-30,0.7448814364880617,0.026629701489628076,0.007886587619859987,0.22060227440245023
1987-10-31,0.7571629331351277,0.06207816198022598,0.013697043084999696,0.1670618617996466
1987-11-30,0.7522364791371744,0.09313239795151035,0.017035364874397607,0.1375957580369177
1987-12-31,0.723356430618977,0.12151529150140589,0.022311621294820446,0.13281665658479658
1988-01-31,0.7151369850046906,0.15458860633538202,0.023155509595703793,0.10711889906422367
1988-02-29,0.6462306350502895,0.1549528536074263,0.03845209769409229,0.1603644136481919
1988-03-31,0.6244446343566638,0.1284743084771135,0.04216067115770877,0.20492038600851395
1988-04-30,0.6916916314957183,0.1408901841866934,0.02833064376426914,0.13908754055331912
1988-05-31,0.645978237501509,0.14420211482073034,0.038290545743327874,0.17152910193443285
1988-06-30,0.6608656915956994,0.19405650924353493,0.03293082253126209,0.1121469766295036
1988-07-31,0.5758657716833515,0.19742119324897708,0.057880140152205585,0.1688328949154658
1988-08-31,0.5486029139992392,0.23485806938896567,0.06491189282827661,0.15162712378351847
1988-09-30,0.5036415655320925,0.2875538353258455,0.07588841296583386,0.13291618617622808
1988-10-31,0.45905742163214674,0.2795977413949136,0.09892495145285932,0.16241988552008033
1988-11-30,0.4178306105352503,0.29086280461682756,0.1195583992466394,0.17174818560128277
1988-12-31,0.3982939961743123,0.3311768746292012,0.12281914890551408,0.14770998029097232
1989-01-31,0.40614334767941884,0.33560141398799404,0.11684723321724587,0.14140800511534127
1989-02-28,0.4150583442064651,0.40867802440153694,0.08744918325368047,0.08881444813831749
1989-03-31,0.36975961135880453,0.47191655698862134,0.08877005234617487,0.06955377930639926
1989-04-30,0.2675805862958202,0.3933850728135789,0.20178211536324003,0.13725222552736088
1989-05-31,0.21757183397442562,0.36765892845618847,0.26057005754107226,0.15419918002831365
1989-06-30,0.15302527989677087,0.24587396682052834,0.3705071591001726,0.23059359418252823
1989-07-31,0.1560285575621796,0.23619104879118158,0.365999777381824,0.24178061626481484
1989-08-31,0.14554882609901154,0.2220250833654256,0.382003324659836,0.25042276587572687
1989-09-30,0.09546675360107736,0.12912060146725676,0.445803135570253,0.32960950936141287
1989-10-31,0.12245022527021948,0.12906346262032203,0.3840834110261346,0.3644029010833239
1989-11-30,0.11684608033059161,0.10535970552055392,0.3687940394729892,0.4090001746758653
1989-12-31,0.12560827165706223,0.11170264880394311,0.3589990306086483,0.40369004893034643
1990-01-31,0.07344379552859583,0.069312090689552,0.41621668522120064,0.44102742856065147
1990-02-28,0.062420705021312944,0.06106966249148091,0.43346010303985877,0.4430495294473474
1990-03-31,0.05994883767743717,0.06570423464669237,0.45719770027141615,0.41714922740445426
1990-04-30,0.10229868396838458,0.10866035132842879,0.4064176171290339,0.38262334757415273
1990-05-31,0.10458177362675607,0.12130710709534988,0.41571404555087027,0.35839707372702373
1990-06-30,0.13626477535935902,0.14165340024419823,0.36804122457322636,0.3540405998232164
1990-07-31,0.10982489057572035,0.10880131050052101,0.38885775307429177,0.3925160458494668
1990-08-31,0.10752398247230469,0.11485018649763104,0.40162250918294695,0.3760033218471174
1990-09-30,0.08704956050587932,0.10725308244804925,0.4447367454694239,0.3609606115766476
1990-10-31,0.03765800287561928,0.08195536449469464,0.6032135785463205,0.27717305408336557
1990-11-30,0.015580433472067744,0.05126212393306965,0.7156463535862201,0.21751108900864244
1990-12-31,0.002850326264725779,0.010699686821457643,0.7789443344354533,0.2075056524783633
1991-01-31,0.002030136965726671,0.006591870834040569,0.7579482440819449,0.23342974811828784
1991-02-28,0.0009351963114267998,0.0023201615751603515,0.7104007299495377,0.2863439121638751
1991-03-31,0.00015268471642794257,0.0002827562234807175,0.649073327611975,0.35049123144811634
1991-04-30,0.0001997667185744027,0.0003091583184157239,0.6071640370349536,0.39232703792805634
1991-05-31,0.0001841093169024139,0.00018381545180975502,0.49941682968321677,0.5002152455480711
1991-06-30,0.0004189742342956979,0.00032982553025174963,0.4401424420472981,0.5591087581881544
1991-07-31,0.003684089427630653,0.002842326188108814,0.4326687346236026,0.5608048497606579
1991-08-31,0.010654842099967338,0.007833769809480112,0.4158740697972972,0.5656373182932555
1991-09-30,0.018326831730602008,0.009101101567507158,0.32271761290102235,0.6498544538008685
1991-10-31,0.04342221591377929,0.013286508647981619,0.22100739851812676,0.7222838769201124
1991-11-30,0.07342119034787169,0.012063652972089802,0.12905671999200066,0.7854584366880378
1991-12-31,0.12903380202726744,0.012566413918621342,0.07617931174766918,0.7822204723064421
1992-01-31,0.14867829884424485,0.013873008147881144,0.07147240312311623,0.7659762898847577
1992-02-29,0.1660024679372069,0.018662371379920138,0.08239840147175972,0.7329367592111131
1992-03-31,0.35836973301384006,0.029582457492632285,0.046670385554889435,0.5653774239386381
1992-04-30,0.4814388466430942,0.03166238334649982,0.030045485385644805,0.45685328462476116
1992-05-31,0.65860260220236,0.05762868414128479,0.022832313919102634,0.26093639973725263
1992-06-30,0.6207991857637242,0.06173545040918368,0.02871483172645304,0.28875053210063906
1992-07-31,0.5782195379424603,0.05331707564767004,0.03110728629799068,0.33735610011187894
1992-08-31,0.35091470151752385,0.022401337069146036,0.03760502417360912,0.589078937239721
1992-09-30,0.5070910816703654,0.028569777005411124,0.024765792586213208,0.4395733487380103
1992-10-31,0.44842177569398267,0.02179011382096917,0.024550938599986867,0.5052371718850613
1992-11-30,0.42302065178200154,0.011645629916010002,0.015146487177859524,0.5501872311241289
1992-12-31,0.6041599127282743,0.010733446223431727,0.006722338697925239,0.3783843023503687
1993-01-31,0.7461178219164745,0.011032677770701682,0.003538636354112257,0.23931086395871157
1993-02-28,0.8969859204861182,0.0018397806346559069,0.0002070907803045537,0.10096720809892136
1993-03-31,0.8701117598916794,0.013473956934473326,0.0017752222655616089,0.11463906090828567
1993-04-30,0.7751337111091401,0.003854004683499662,0.0010934477671183996,0.21991883644024177
1993-05-31,0.5481228443940044,0.0010592608703990096,0.0008695362630928567,0.4499483584725038
1993-06-30,0.6085066663527051,0.017054329523578285,0.01020812711294626,0.36423087701077045
1993-07-31,0.47798920081773993,0.0042170254421566074,0.0045282482861916055,0.5132655254539119
1993-08-31,0.6101485278323017,0.002799414495979849,0.0017677180493163773,0.38528433962240205
1993-09-30,0.5524108528075932,0.0005948940011224122,0.0004808525070385341,0.44651340068424583
1993-10-31,0.5104507907038826,0.0012389284253071663,0.0011823209744572362,0.48712795989635305
1993-11-30,0.6788473817967252,0.0010831004222421788,0.0005098571676388601,0.3195596606133938
1993-12-31,0.6277317024888396,0.006391108218110067,0.003687551798843056,0.3621896374942073
1994-01-31,0.6768847721871151,0.006436862570730911,0.002983097581726419,0.31369526766042755
1994-02-28,0.7619363559279217,0.002503068888747601,0.0007713159839947963,0.23478925919933594
1994-03-31,0.6588726298211697,0.001084549025066959,0.0005588136957735212,0.33948400745798973
1994-04-30,0.659931566653362,0.0033149843944348316,0.0016831334083608558,0.3350703155438424
1994-05-31,0.9161391312010688,0.0009214121890977927,8.333302182529316e-05,0.08285612358800808
1994-06-30,0.9309915510734713,0.0011315370744833064,8.239817599050126e-05,0.06779451367605485
1994-07-31,0.9566484682499321,0.0011966279569770402,5.2663772672897155e-05,0.04210224002041794
1994-08-31,0.9469010388088194,0.0021757045593562537,0.0001167386751443646,0.050806517956680036
1994-09-30,0.943996254531365,0.0022599832565662783,0.00012835846982429662,0.05361540374224437
1994-10-31,0.9467659670869518,0.021370712867373156,0.0007033530262787506,0.031159967019396297
1994-11-30,0.9465063786502326,0.033909365868986005,0.0006773551812911501,0.018906900299490315
1994-12-31,0.9801553003958073,0.003972293202208936,6.40667454743184e-05,0.01580833965650941
1995-01-31,0.936206321020359,0.04239417551982038,0.0009270527747738502,0.020472450685046818
1995-02-28,0.9452958076435863,0.0020001784484101524,0.00011128246536585655,0.052592731442637645
1995-03-31,0.9180338667322463,0.058872499153576036,0.0013917198232269695,0.021701914290950673
1995-04-30,0.8880736733665009,0.04699372204048779,0.003263320683190691,0.06166928390982062
1995-05-31,0.7242849937171367,0.0388234220088437,0.012051946692088759,0.22483963758193082
1995-06-30,0.4408337306030843,0.05194737962885902,0.053469363323013296,0.45374952644504346
1995-07-31,0.4000485649531249,0.05976015688957995,0.07020727097931374,0.46998400717798133
1995-08-31,0.5186422517514606,0.025039144585329458,0.02101566757862889,0.4353029360845811
1995-09-30,0.5128079951105555,0.038957724400286796,0.03164782977372758,0.4165864507154301
1995-10-31,0.5115946863661347,0.0238449707128218,0.02068847091327277,0.4438718720077708
1995-11-30,0.4444550677224795,0.0352259893382441,0.038210284243401185,0.4821086586958752
1995-12-31,0.3550736381472298,0.03416794141062865,0.053612869286522945,0.5571455511556185
1996-01-31,0.2779239950909009,0.01522646593499027,0.03671432201978447,0.6701352169543243
1996-02-29,0.20621303509227565,0.008467352981005058,0.030974316828697092,0.7543452950980222
1996-03-31,0.11960819804158827,0.021715041611529175,0.13194009440735535,0.7267366659395272
1996-04-30,0.3099719584247419,0.010346671597095815,0.021954514245233845,0.6577268557329284
1996-05-31,0.39144237294994366,0.0199073980207114,0.02848790793445238,0.5601623210948925
1996-06-30,0.6610249977134336,0.05645288123228669,0.02222951844704552,0.26029260260723425
1996-07-31,0.73362962419814,0.05216589246215688,0.014220198265195083,0.19998428507450802
1996-08-31,0.8229575045094562,0.039572405056440406,0.0063070532876265736,0.13116303714647695
1996-09-30,0.6675053442867269,0.05613301331360676,0.021437519983923455,0.25492412241574286
1996-10-31,0.7502153811849882,0.04579768973474419,0.011736151615157833,0.19225077746510977
1996-11-30,0.652765140777499,0.08347335739154498,0.0299047905851438,0.23385671124581223
1996-12-31,0.6798379434841043,0.08502753838294431,0.02613911823671482,0.20899539989623656
1997-01-31,0.5581249145185525,0.23353170112163202,0.061459456039081206,0.14688392832073427
1997-02-28,0.6309899255612432,0.18508506374909733,0.04171402478259689,0.1422109859070626
1997-03-31,0.67063969695322,0.18714985935984893,0.03102703260914645,0.11118341107778458
1997-04-30,0.8424541431227147,0.08079338573846627,0.006716608291113548,0.07003586284770545
1997-05-31,0.895920490189116,0.06261631013766493,0.0027085789185695344,0.03875462075464956
1997-06-30,0.8923779107020402,0.03750038368625452,0.0028278871343086548,0.06729381847739661
1997-07-31,0.8406784347898106,0.022563178796002913,0.003574554187324752,0.13318383222686173
1997-08-31,0.8135682261257018,0.01256625311287184,0.002644651925801554,0.17122086883562482
1997-09-30,0.9082059452566266,0.011185067030050367,0.0009806675492243008,0.07962832016409872
1997-10-31,0.9333065636951671,0.015833854592441046,0.0008484553032935583,0.050011126409098355
1997-11-30,0.9430778230563059,0.020447211985947938,0.0007740445899657911,0.035700920367780255
1997-12-31,0.9490464851149111,0.029417844110497606,0.0006474768540243625,0.020888193920566924
1998-01-31,0.9573950354669608,0.016229565726440177,0.00043965740796615325,0.02593574139863285
1998-02-28,0.9576617137239171,0.009471352907369095,0.00032187331367168967,0.03254506005504225
1998-03-31,0.966446492048597,0.002250615624056153,7.272735511654007e-05,0.031230164972230304
1998-04-30,0.902192728087993,0.005753786715746911,0.0005833560805891038,0.09147012911567101
1998-05-31,0.8710679137143801,0.0054084726847058,0.0007622271409061142,0.12276138646000802
1998-06-30,0.8638319495755635,0.004571855100819263,0.0006928098813004303,0.13090338544231667
1998-07-31,0.8104995202669381,0.013050297072081713,0.0027960995845876567,0.17365408307639257
1998-08-31,0.7113747920415856,0.014992434990738875,0.005647861587608386,0.26798491138006714
1998-09-30,0.5752727866994489,0.009988847549209217,0.007078472371790918,0.40765989337955105
1998-10-31,0.6252950953297223,0.016782251870416705,0.009355178368475662,0.34856747443138536
1998-11-30,0.5525093635754573,0.008451455965657273,0.006614580148185501,0.43242460031069985
1998-12-31,0.6609345797138185,0.007125477719899285,0.0035404461601648137,0.32839949640611726
1999-01-31,0.536242363094276,0.001538559763081145,0.001322381742441984,0.46089669540020084
1999-02-28,0.5321115661655362,0.0033458005368052412,0.0029026904633478257,0.46163994283431076
1999-03-31,0.6061716314841011,0.0063658471722226,0.0040267367822921,0.3834357845613842
1999-04-30,0.6374676771393973,0.011470391356820918,0.006205241979656341,0.3448566895241254
1999-05-31,0.5737494636894321,0.019681339466620023,0.013484009150183236,0.3930851876937645
1999-06-30,0.48828477825791033,0.0631482664385362,0.05136838621019676,0.39719856909335677
1999-07-31,0.5873903595960357,0.05059839985687072,0.028710834212175105,0.3333004063349186
1999-08-31,0.6105776396344368,0.051517960386748746,0.026292495361787103,0.31161190461702737
1999-09-30,0.5460016653047524,0.21278100513549775,0.06764317088323102,0.17357415867651893
1999-10-31,0.4633019352648587,0.19890562455556884,0.10146186839408364,0.2363305717854888
1999-11-30,0.31492448096147063,0.2914150057555054,0.18919859790961524,0.20446191537340874
1999-12-31,0.385411184993599,0.295876267881171,0.13841364400945225,0.18029890311577776
2000-01-31,0.3093588045855337,0.46157621051132997,0.13714638150031383,0.09191860340282249
2000-02-29,0.3006025940497971,0.5741210022860438,0.08222461899477977,0.043051784669379374
2000-03-31,0.10604068022231075,0.594726189848051,0.2539529005152483,0.04528022941438989
2000-04-30,0.10582794050262849,0.6175069741668074,0.23618743715441043,0.04047764817615369
2000-05-31,0.039981493184742666,0.5446653492144959,0.3869489343405661,0.0284042232601953
2000-06-30,0.16987451411667526,0.5422839678457739,0.21918132615934277,0.06866019187820811
2000-07-31,0.09831854901861167,0.5055458275645169,0.3316385588122194,0.06449706460465202
2000-08-31,0.03720469506947911,0.4544466451062358,0.46988042973468247,0.03846823008960264
2000-09-30,0.01715035407243791,0.21671668283985793,0.7099495361413592,0.05618342694634494
2000-10-31,0.02809581715890003,0.14701118845190148,0.6925393934286048,0.13235360096059373
2000-11-30,0.0292387106128442,0.2096860472744628,0.667937724864567,0.09313751724812593
2000-12-31,0.009021205749861127,0.05682889268506682,0.8061750212912236,0.12797488027384837
2001-01-31,0.0021047192429205414,0.010718086516516187,0.8251431686248082,0.16203402561575508
2001-02-28,6.736512152508778e-05,0.001076886965161971,0.9400504902021112,0.058805257711201674
2001-03-31,3.840448490887617e-06,0.0002978647235739047,0.9869729915742993,0.012725303253635856
2001-04-30,3.0757666868938158e-06,1.9954899106339503e-05,0.8664291215406416,0.1335478477935652
2001-05-31,3.1660890264176638e-06,1.2654505081900157e-05,0.7998628113124082,0.20012136809348344
2001-06-30,9.463002911489164e-08,4.289103101329494e-07,0.8192493556414504,0.18075012081821032
2001-07-31,1.0263094836042423e-08,7.244813835976667e-08,0.8759164815736623,0.12408343571510448
2001-08-31,1.2163584707080357e-08,3.998099117235109e-08,0.7667334217081984,0.23326652614722576
2001-09-30,2.7255492074047686e-08,1.829654945362676e-08,0.40166253819965,0.5983374162483085
2001-10-31,2.513696414323e-09,5.346687818071324e-09,0.6802069234744861,0.31979306866512963
2001-11-30,5.522230002537068e-09,2.2907196735743902e-09,0.29319524003605446,0.7068047521509959
2001-12-31,7.260059654452126e-10,2.6861269976134655e-10,0.27006601513796724,0.7299339838674141
2002-01-31,8.65402112711257e-08,2.18228247732087e-08,0.20138622176932006,0.7986136698676438
2002-02-28,1.0552457160494349e-06,3.4824505205189364e-08,0.031946994390830895,0.9680519155389479
2002-03-31,1.0417763298367734e-05,1.8686787388300998e-07,0.017621159018439372,0.9823682363503883
2002-04-30,0.00013624313372818806,6.452348043016438e-06,0.04521115344386302,0.9546461510743658
2002-05-31,0.00024547878430851075,1.0945441043703453e-05,0.04267394920441823,0.9570696265702296
2002-06-30,0.0011700659727077235,6.173982895337751e-05,0.05005965826003175,0.9487085359383071
2002-07-31,0.013016538736325085,0.0003147474770063201,0.023294938187949983,0.9633737755987185
2002-08-31,0.02582770122368677,0.0008468092491836814,0.03089919973737059,0.942426289789759
2002-09-30,0.031675138892504125,0.0016762712027366044,0.048584608260821956,0.9180639816439372
2002-10-31,0.052538260212958786,0.0047007871921391055,0.07742474433304904,0.8653362082618531
2002-11-30,0.08416912487699624,0.01565735031898401,0.14118831901117468,0.758985205792845
2002-12-31,0.07774415001158373,0.0378289717510409,0.2894873728635637,0.5949395053738117
2003-01-31,0.05352373592780307,0.01869498616094512,0.2401712139079402,0.6876100640033116
2003-02-28,0.03265761159631484,0.040568097665668455,0.5134463062170709,0.41332798452094593
2003-03-31,0.03147417946664364,0.032851958034938754,0.47785736341515783,0.4578164990832597
2003-04-30,0.007533223754649337,0.009637694203807707,0.5516423857036813,0.4311866963378617
2003-05-31,0.027823217034956296,0.012236564544762607,0.29322103063487814,0.666719187785403
2003-06-30,0.020475648928132233,0.001292413184567427,0.05807957766497277,0.9201523602223275
2003-07-31,0.016981084648266843,0.0014422225262702064,0.07684027651730595,0.904736416308157
2003-08-31,0.039693472036180184,0.0032460922537393853,0.0723506751429301,0.8847097605671503
2003-09-30,0.09193206950793109,0.024167598218182824,0.1839949115591547,0.6999054207147314
2003-10-31,0.13551280407175514,0.020339229097764745,0.11016422782949788,0.7339837390009822
2003-11-30,0.2204585309351148,0.024593075692319794,0.07576568559386918,0.6791827077786963
2003-12-31,0.3423364175250352,0.024170699885569524,0.041778087293072474,0.5917147952963229
2004-01-31,0.49963255967457193,0.010540581777344151,0.010120211433655577,0.4797066471144284
2004-02-29,0.47975084393155515,0.019018766352920005,0.01911259923303175,0.48211779048249304
2004-03-31,0.37551500637872237,0.023125506989350626,0.03488542319425158,0.5664740634376754
2004-04-30,0.6084442214596452,0.05119184175811708,0.026414348401345718,0.31394958838089204
2004-05-31,0.6743618461148873,0.07700194543285543,0.02548096138148315,0.22315524707077417
2004-06-30,0.5841769450963543,0.21717734041621564,0.053835549066621004,0.14481016542080907
2004-07-31,0.37090677492383123,0.45111659007337696,0.09767144842101434,0.08030518658177747
2004-08-31,0.25243915073906054,0.2952939149843541,0.24382620294087418,0.2084407313357112
2004-09-30,0.41769696232976106,0.21911368563463365,0.12496612260199734,0.238223229433608
2004-10-31,0.30647109955967156,0.316797804836808,0.19148650487629726,0.1852445907272232
2004-11-30,0.35711886531793374,0.2663246654513137,0.16085863553298557,0.21569783369776688
2004-12-31,0.20845042195692556,0.45397918200893095,0.2313452347910319,0.10622516124311163
2005-01-31,0.21436605113477852,0.2816077537509986,0.286179800706344,0.21784639440787884
2005-02-28,0.280776413538182,0.43486426445185405,0.17279301080704162,0.11156631120292233
2005-03-31,0.19187003255799703,0.6378117916719551,0.13093084320970413,0.03938733256034368
2005-04-30,0.1428734006048501,0.7038862338024944,0.1273841825006533,0.02585618309200222
2005-05-31,0.1824087153339655,0.3803530796299062,0.29551561478692817,0.14172259024920011
2005-06-30,0.1599205410265539,0.3996522672795368,0.31455732501524086,0.12586986667866845
2005-07-31,0.14281773011607513,0.42558882971121625,0.32315134992451866,0.10844209024818996
2005-08-31,0.5102135110562469,0.3334765313444011,0.06178300069359963,0.09452695690575244
2005-09-30,0.15082264025609712,0.5179322390464323,0.25654022474568844,0.07470489595178213
2005-10-31,0.10180149940284734,0.3087973672312859,0.44326843792458115,0.14613269544128557
2005-11-30,0.003970074566983475,0.19797424502795316,0.7823665014959069,0.015689178909156474
2005-12-31,0.008982753120363172,0.28854661254940916,0.6812622394267916,0.021208394903436012
2006-01-31,0.07361711340046902,0.5412341211894347,0.3390342929261025,0.04611447248399374
2006-02-28,0.08693814063937338,0.4818522372247001,0.36530034477599366,0.06590927735993285
2006-03-31,0.036830002613109016,0.6545634416361074,0.292167319380722,0.01643923637006169
2006-04-30,0.11594552459098717,0.4137097156268127,0.3673827464371723,0.10296201334502786
2006-05-31,0.07373810479560555,0.545144814605772,0.3357080858637875,0.045408994734835006
2006-06-30,0.02486064568940022,0.32415557682499024,0.6046137923742447,0.046369985111364864
2006-07-31,0.001800676054680728,0.32233626777817337,0.672108438112528,0.0037546180546179416
2006-08-31,0.0015217025931148968,0.17348927095872319,0.8178158308744246,0.007173195573737308
2006-09-30,0.0009903309877583814,0.1308901819087752,0.8616005131453505,0.006518973958115936
2006-10-31,0.00034171223729063645,0.3268790849964054,0.6720766285762665,0.0007025741900374863
2006-11-30,0.07336803480743526,0.45127387450377254,0.40888210330638997,0.06647598738240224
2006-12-31,0.03252742006721142,0.22937782159873643,0.6464268020112822,0.09166795632276993
2007-01-31,0.017245476295701754,0.11210713191492946,0.7545714257557431,0.11607596603362566
2007-02-28,0.044257598521750235,0.17529864110422358,0.6231238560329769,0.15731990434104928
2007-03-31,0.013283188569701154,0.05767373236680531,0.7551255211184581,0.17391755794503547
2007-04-30,0.0021413727066841356,0.13650557503220961,0.8480496370254199,0.01330341523568634
2007-05-31,0.0075820320558332354,0.11362511164843271,0.823820555132292,0.05497230116344205
2007-06-30,0.05471578400355723,0.26248976597687684,0.565017085631072,0.11777736438849398
2007-07-31,0.04439769787067683,0.16411036166081494,0.6229592702256624,0.1685326702428458
2007-08-31,0.03837130843193207,0.18788566172317964,0.6425226195968327,0.1312204102480556
2007-09-30,0.06006983057546398,0.11522291771786627,0.5420941637911492,0.2826130879155207
2007-10-31,0.09837639067042916,0.0758526541087747,0.35950905154082513,0.466261903679971
2007-11-30,0.01353431247352401,0.0887188580640723,0.778920331974072,0.11882649748833173
2007-12-31,0.006262159040024347,0.12389075789798822,0.8279953835166771,0.04185169954531033
2008-01-31,0.0013535527070173674,0.12231311896463343,0.866741711340728,0.009591616987621178
2008-02-29,0.00038886094089619374,0.0330998120412298,0.9552884725258015,0.01122285449207249
2008-03-31,0.00012377359761946025,0.032945520952892146,0.9633116233466211,0.0036190821028673644
2008-04-30,0.00015705758966117156,0.006102946902683257,0.9688079992710388,0.024931996236616846
2008-05-31,4.644112033267288e-05,0.0015838972701342727,0.9699305315108921,0.028439130098640873
2008-06-30,5.7652108079747505e-06,9.261455752978932e-05,0.9413057958536307,0.05859582437803145
2008-07-31,2.5619107267502536e-06,6.81826191699988e-05,0.9637182651741882,0.03621099029591505
2008-08-31,2.480118390045599e-08,2.7138236245544693e-05,0.9990598127733801,0.0009130241891904651
2008-09-30,1.2089700341030064e-09,5.6830714962885306e-06,0.9997816303727882,0.000212685346745457
2008-10-31,5.709270739239236e-10,3.1267337847587405e-07,0.9981770617790577,0.0018226249766366647
2008-11-30,9.993588263019079e-12,9.58154639990066e-10,0.9896776248729111,0.010322374158940635
2008-12-31,7.75327771197468e-11,1.1519333572673953e-10,0.5977048673019968,0.40229513250527715
2009-01-31,7.534582421953391e-11,6.307341584542007e-13,0.00830169425769904,0.9916983056663243
2009-02-28,1.9522214843426853e-11,1.1335503559206564e-16,5.806430177666021e-06,0.9999941935503
2009-03-31,7.066889831851419e-12,1.238090975524821e-16,1.7519295114163927e-05,0.9999824806978188
2009-04-30,7.733306843410996e-12,6.265691799599317e-17,8.102149779968886e-06,0.9999918978424868
2009-05-31,1.4147897220809272e-11,7.848896486026371e-18,5.547744664135327e-07,0.9999994452113857
2009-06-30,3.8572080458145473e-11,9.508347720523602e-18,2.4650849172073793e-07,0.9999997534529362
2009-07-31,1.591832207227955e-10,1.4364471187682598e-18,9.02386004664875e-09,0.9999999908169567
2009-08-31,6.275270858007677e-10,4.9464614839596476e-20,7.882466896474563e-11,0.9999999992936481
2009-09-30,3.807257425990803e-08,9.47038032765248e-21,2.48745459196886e-13,0.9999999619271771
2009-10-31,6.037764569357644e-07,6.442206577379399e-18,1.066984744710472e-11,0.9999993962128731
2009-11-30,2.5067083018479212e-05,3.2456938143904384e-16,1.294770696646068e-11,0.9999749329040334
2009-12-31,0.00013585046593815115,4.297303454374575e-12,3.16283017367001e-08,0.9998641179014629
2010-01-31,0.004268500869717747,2.2035527541946216e-07,5.140055501717406e-05,0.9956798782199897
2010-02-28,0.07849439086884497,3.509595435663571e-05,0.00041181839306103494,0.9210586947837374
2010-03-31,0.4189075409834528,0.00020837665276234404,0.00028880478080757136,0.5805952775829772
2010-04-30,0.5362117873740204,1.1062950382088589e-05,9.568304655617764e-06,0.4637675813709419
2010-05-31,0.8267921161210292,4.658132944215057e-06,9.758185772070413e-07,0.17320224992744931
2010-06-30,0.9577479033866599,5.298705229125997e-06,2.337275704227398e-07,0.0422465641805405
2010-07-31,0.9786962383762894,8.955631132743136e-07,1.9493324736838923e-08,0.021302846567272656
2010-08-31,0.9612545611007803,1.294993441201355e-06,5.219568955013646e-08,0.03874409171008897
2010-09-30,0.9542281571233098,2.8321548663893426e-07,1.3585022197691191e-08,0.04577154607618141
2010-10-31,0.9270929688017749,1.237752184006133e-07,9.733724111903585e-09,0.07290689768928253
2010-11-30,0.9360571663064423,1.2505822382982882e-06,8.542651471847144e-08,0.06394149768480477
2010-12-31,0.928226464183101,1.1022474210828251e-05,8.521531008971438e-07,0.07176166118958735
2011-01-31,0.8983945058661732,1.581166559279881e-05,1.7879381564532577e-06,0.10158789453007751
2011-02-28,0.9069396329388413,6.409773766732789e-05,6.572024208424468e-06,0.09298969729928294
2011-03-31,0.9351813845999118,0.0011352667067706498,7.721488819652429e-05,0.06360613380512097
2011-04-30,0.877169504684571,0.011747555807118214,0.0014680256337647585,0.10961491387454607
2011-05-31,0.8507534352866483,0.018222234780222762,0.0027475523011813614,0.12827677763194772
2011-06-30,0.6967868510070351,0.04967828974414117,0.016873096291313016,0.2366617629575108
2011-07-31,0.5903206171560992,0.08292786820877128,0.04024785369995028,0.28650366093517926
2011-08-31,0.5729524120806236,0.13712300826548848,0.055987475968215315,0.23393710368567253
2011-09-30,0.5290910712660167,0.21242720563190917,0.07404881559386425,0.18443290750820981
2011-10-31,0.44560550588428455,0.2566413845800933,0.1088161034699897,0.1889370060656325
2011-11-30,0.4620102845436122,0.2642812435995198,0.09959639142562297,0.174112080431245
2011-12-31,0.5238021980372564,0.21734030375647692,0.0759100539418928,0.1829474442643739
2012-01-31,0.5764169541947063,0.19406670961625236,0.05780976581265099,0.17170657037639034
2012-02-29,0.5117378995813393,0.27610546959988147,0.074351842602706,0.13780478821607323
2012-03-31,0.3602917023534655,0.41921883807247196,0.11857868528545959,0.10191077428860293
2012-04-30,0.6142299490960204,0.26955227166745255,0.03544625097152342,0.08077152826500368
2012-05-31,0.4950854956702166,0.2789844371676636,0.08142800792609721,0.14450205923602263
2012-06-30,0.6026755028893362,0.20008209628053478,0.049161382058927866,0.14808101877120114
2012-07-31,0.7034445758470508,0.06350729647868485,0.019297503627093336,0.21375062404717107
2012-08-31,0.7141481707962738,0.05347535321542477,0.01618816222239785,0.2161883137659035
2012-09-30,0.6101845909879534,0.06000494407349785,0.02952934575690938,0.3002811191816393
2012-10-31,0.4951455806629953,0.08710522617525324,0.06249564195965585,0.3552535512020957
2012-11-30,0.5095048106776059,0.09494141397879534,0.06213031565731083,0.333423459686288
2012-12-31,0.5151311124506301,0.061618989769212054,0.04521929171881532,0.3780306060613426
2013-01-31,0.5042216475485214,0.08303224067732355,0.0583584633130282,0.3543876484611269
2013-02-28,0.6745646885013405,0.08995791408413238,0.027707559480562097,0.20776983793396503
2013-03-31,0.36562311509978346,0.07894508808912945,0.09863191252146722,0.4567998842896199
2013-04-30,0.3570549902737996,0.07520044963526085,0.0987717961532058,0.4689727639377337
2013-05-31,0.4551010575070164,0.014980672184117328,0.016887556759731116,0.5130307135491352
2013-06-30,0.33949400704629606,0.009580926544726854,0.017865691996929566,0.6330593744120475
2013-07-31,0.4091830943655429,0.00579499437858547,0.00816958480226523,0.5768523264536064
2013-08-31,0.4576396126311682,0.015062687029070482,0.01680237273454183,0.5104953276052194
2013-09-30,0.4072019509153122,0.020397860041535133,0.027305294915176605,0.5450948941279761
2013-10-31,0.49272938910848807,0.027248986904979126,0.025155090191244952,0.45486653379528785
2013-11-30,0.4112314196837127,0.01866087164160425,0.024747377396950418,0.5453603312777326
2013-12-31,0.5745747204974717,0.006004816377711859,0.004337980769482135,0.4150824823553343
2014-01-31,0.5757689999007204,0.03492893972412498,0.022266176646468953,0.3670358837286856
2014-02-28,0.38244294743941915,0.0384524985204804,0.05290629114944615,0.5261982628906542
2014-03-31,0.34775815917616865,0.02188876463705234,0.03732656552517707,0.5930265106616021
2014-04-30,0.37667201748522805,0.016856802213597265,0.02597818564446629,0.5804929946567083
2014-05-31,0.5666355323439439,0.05508385035237084,0.03351536640918396,0.3447652508945013
2014-06-30,0.7378049686410577,0.08863580724843222,0.01861423393332625,0.1549449901771838
2014-07-31,0.5949570895720895,0.19625986123803713,0.05178823863783987,0.1569948105520336
2014-08-31,0.6720747740055681,0.08731532962737229,0.02766553358068594,0.2129443627863736
2014-09-30,0.7124108739294003,0.13542600706947405,0.02430519843071916,0.1278579205704065
2014-10-31,0.7467261815184933,0.05488793696159955,0.013583832305227085,0.18480204921468002
2014-11-30,0.8281678019790608,0.03707346683519351,0.005774081208833336,0.1289846499769123
2014-12-31,0.7535840268097436,0.06056172330384021,0.013825108900824704,0.1720291409855915
2015-01-31,0.8638365835450666,0.014593405050706887,0.0020196491939863943,0.11955036221024001
2015-02-28,0.8387144113614966,0.002126683768575601,0.0004025500912973135,0.15875635477863048
2015-03-31,0.8491901115681063,0.0007075820866561281,0.0001249676330793811,0.1499773387121582
2015-04-30,0.6274104823079891,0.0002755095125142972,0.0001634193724767883,0.3721505888070198
2015-05-31,0.4099075992405559,0.0019972152178973535,0.0028515147502705777,0.5852436707912763
2015-06-30,0.36505232295945195,0.0053346377937701734,0.009068239086456948,0.6205448001603209
2015-07-31,0.36899691854382133,0.004695659707388337,0.007869908839257362,0.618437512909533
2015-08-31,0.21815901102863564,0.00385949207048994,0.013524158465910513,0.764457338434964
2015-09-30,0.28703005004256166,0.000997042284914282,0.0024645844560198054,0.7095083232165043
2015-10-31,0.24881419380073982,0.0005778281425807941,0.0017391190399241752,0.7488688590167553
2015-11-30,0.20410617860621677,0.0035681134911580968,0.013613182542753845,0.7787125253598712
2015-12-31,0.12270101347095944,0.0019366616591477098,0.01360167100893248,0.8617606538609603
2016-01-31,0.05570071915439113,0.0010948148363810139,0.018181609900798038,0.9250228561084297
2016-02-29,0.0334362150505207,0.0007714321014968764,0.021780019568612422,0.94401233327937
2016-03-31,0.07707322830449233,0.006380373258546328,0.07007376579651604,0.8464726326404453
2016-04-30,0.1051436208603716,0.022987072275970865,0.15641625188704272,0.7154530549766149
2016-05-31,0.07640478308468901,0.013769348937114512,0.13892797820527675,0.7708978897729197
2016-06-30,0.03731622063727887,0.040150321239706944,0.4781420959365272,0.44439136218648706
2016-07-31,0.03575665017242635,0.02527465054553407,0.3888513839352646,0.550117315346775
2016-08-31,0.11295566595248276,0.04161923837583984,0.22763040830315207,0.6177946873685253
2016-09-30,0.09730459869058632,0.048820930908342226,0.2852817480851319,0.5685927223159396
2016-10-31,0.09670971437306675,0.07748638567303985,0.36733634946586735,0.4584675504880262
2016-11-30,0.06508401159295124,0.09376960055013822,0.4965197815110895,0.34462660634582104
2016-12-31,0.11130775390063703,0.131532792485686,0.4101098386276412,0.34704961498603576
2017-01-31,0.061647366519087164,0.17734192739540058,0.5647077455864148,0.19630296049909748
2017-02-28,0.09811507184189862,0.3862112134383197,0.4112082642488517,0.1044654504709299
2017-03-31,0.017969392259248994,0.5414558708950086,0.4264229621810478,0.014151774664694628
2017-04-30,0.01874334824823933,0.5256141882278607,0.4399537574837493,0.015688706040150695
2017-05-31,0.1563995616163974,0.44579850116346414,0.2944870107253867,0.10331492649475175
2017-06-30,0.35308951118203696,0.3020650413781886,0.15899417006706965,0.18585127737270477
2017-07-31,0.38572597036627887,0.2377342442479775,0.14357997384542087,0.23295981154032275
2017-08-31,0.4569938104796793,0.1925807915129261,0.1038913779995118,0.24653402000788277
2017-09-30,0.3687333969932263,0.20000238529656683,0.15165895117031608,0.27960526653989076
2017-10-31,0.2524637395068255,0.17206993912567656,0.23324522851884164,0.34222109284865637
2017-11-30,0.2897578094444724,0.38275286877051196,0.18638734144360114,0.14110198034141452
2017-12-31,0.3760326551547334,0.3716748742579725,0.12541103117607888,0.1268814394112152
2018-01-31,0.36036951872183853,0.5116503220801216,0.07509128417688536,0.052888875021154476
2018-02-28,0.18959171484839496,0.6445505338468327,0.1281600378272961,0.03769771347747621
2018-03-31,0.039582146600501765,0.6782896458785727,0.2665721706530254,0.01555603686790017
2018-04-30,0.16803092794822352,0.5094336160540841,0.2425372738827756,0.0799981821149168
2018-05-31,0.09200257893757946,0.6041019686164598,0.26373027115146497,0.040165181294495755
2018-06-30,0.01680409151980698,0.765310133224004,0.213204397022123,0.004681378234066019
2018-07-31,0.008784911227401243,0.7610529012376328,0.22753571952747123,0.0026264680074947477
2018-08-31,0.009631284410624583,0.7931188782606555,0.19488326131092062,0.002366576017799296
2018-09-30,0.019554736987562195,0.7195513812592227,0.2539913394613858,0.0069025422918293725
2018-10-31,0.02031228627902794,0.8982003725873415,0.07968530369272477,0.0018020374409057761
2018-11-30,0.020712990778688312,0.6542302940768986,0.31508121513661985,0.0099755000077933
2018-12-31,0.017394227663452944,0.44472100187841107,0.5176385427730444,0.0202462276850916
2019-01-31,0.006585869315634355,0.3010491895776962,0.6775427519931833,0.014822189113486171
2019-02-28,0.0066217797454811095,0.12587876045150864,0.8241457471041854,0.04335371269882477
2019-03-31,0.005157802389892308,0.061877755090426055,0.86118095309729,0.07178348942239163
2019-04-30,0.008093334449831716,0.0690001100286436,0.8260190513983517,0.09688750412317294
2019-05-31,0.004746818678650843,0.06274449619338102,0.8669232145683498,0.06558547055961833
2019-06-30,0.0041529966087342505,0.022039122160067093,0.8194018607022633,0.15440602052893537
2019-07-31,0.007916880576997505,0.01836972347583128,0.6804547971398112,0.29325859880736
2019-08-31,0.00752455215926179,0.02337638059350511,0.7331179550479316,0.23598111219930143
2019-09-30,0.004078549803739322,0.01515593066257372,0.772800400630989,0.207965118902698
2019-10-31,0.0075601469367235115,0.0197482355714096,0.7034083104279035,0.26928330706396336
2019-11-30,0.00498293146473337,0.011538992136865173,0.6868658918893957,0.2966121845090057
2019-12-31,0.0011070276444751547,0.004479807698589601,0.7973708686687802,0.19704229598815498
2020-01-31,0.00024395291835374136,0.003918617966036518,0.9374750723447831,0.05836235677082672
2020-02-29,0.007057769067230875,0.025876213683916353,0.7598232833808587,0.20724273386799408
2020-03-31,0.003447546486286328,0.04170221099448089,0.8819397601112353,0.07291048240799745
2020-04-30,0.003404473062801636,0.0021485661999088657,0.38476859722387824,0.6096783635134112
2020-05-31,2.4688642342943495e-08,6.970261599911479e-09,0.22016748879942633,0.7798324795416697
2020-06-30,1.1302301617736305e-13,3.1618233496595935e-15,0.027213734274890825,0.972786265724993
2020-07-31,8.633024566033029e-13,3.9530907021874435e-14,0.04378538566974193,0.9562146143293553
2020-08-31,5.498581761215018e-10,1.6037487540773016e-11,0.02834000781682718,0.9716599916172772
2020-09-30,0.00010279906813460781,6.374508090516341e-05,0.3826881034390984,0.6171453524118619
2020-10-31,0.0004798982358727753,0.0003089736672382239,0.39135622066881787,0.6078549074280711
2020-11-30,0.00466121109763486,0.0009026619384875762,0.1613335955438826,0.8331025314199949
2020-12-31,0.014076287105316648,0.0051261380260397464,0.26182649899630567,0.718971075872338
2021-01-31,0.014705496124423621,0.0054474310037626065,0.2648572730778463,0.7149897997939675
2021-02-28,0.016909854002037466,0.016548247923286092,0.4780478878712899,0.4884940102033866
2021-03-31,0.0768398169278521,0.08206637606147435,0.4343790469749119,0.40671476003576157
2021-04-30,0.019535965804860424,0.26429290578098413,0.6668770076400621,0.04929412077409331
2021-05-31,0.005106289873770001,0.9758553628550531,0.01893924521187236,9.910205930445385e-05
2021-06-30,2.2069980561131995e-06,0.9999977649438943,2.80579877373763e-08,6.192406279859213e-14
2021-07-31,6.043610056833762e-12,0.999999999991352,2.6043611711499524e-12,1.5739743365725325e-23
2021-08-31,1.3655743109913918e-13,0.9999999931913356,6.8085278526188315e-09,9.297550794509564e-22
2021-09-30,3.330662316175435e-14,0.9999979710682763,2.028931690434209e-06,6.757700034335324e-20
2021-10-31,1.1101053276601555e-16,0.9998939879984556,0.00010601200154425337,1.1769696500102776e-20
2021-11-30,0.0,0.9981404518065935,0.0018595481934065017,0.0
2021-12-31,0.0,0.9978908072938663,0.0021091927061337445,0.0
2022-01-31,0.0,0.9991846800648758,0.0008153199351241813,0.0
2022-02-28,0.0,0.9982160388198458,0.0017839611801542254,0.0
2022-03-31,0.0,0.9696393746366917,0.030360625363308302,0.0
2022-04-30,0.0,0.9955477417215357,0.004452258278464294,0.0
2022-05-31,0.0,0.8859743024610074,0.11402569753899261,0.0
2022-06-30,0.0,0.7602469712451008,0.23975302875489923,0.0
2022-07-31,0.0,0.4432128593914343,0.5567871406085657,0.0
2022-08-31,0.0,0.3152189262971191,0.6847810737028809,0.0
2022-09-30,0.0,0.42846567046499623,0.5715343295350037,0.0
2022-10-31,0.0,0.5533645619968931,0.4466354380031069,0.0
2022-11-30,0.0,0.6652912852178647,0.33470871478213526,0.0
2022-12-31,0.0,0.2903871793170158,0.7096128206829841,0.0
2023-01-31,0.0,0.05669612951448744,0.9433038704855126,0.0
2023-02-28,0.0,0.0396768647147514,0.9603231352852486,0.0
2023-03-31,0.0,0.166740144416,0.8332598555840001,0.0
2023-04-30,3.3703483626406425e-17,0.07589349815048577,0.9241065018495138,4.103857262236562e-16
2023-05-31,2.733810947867805e-14,0.05882460566704781,0.9411753943324874,4.3740124862941246e-13
2023-06-30,5.452315917307866e-14,0.020597280487714576,0.9794027195096383,2.592581598440682e-12
2023-07-31,7.4830237948199e-12,0.06503466980978688,0.934965330075151,1.0757904718739931e-10
2023-08-31,2.670744181712841e-10,0.1740144273153092,0.8259855711499077,1.2677087712561737e-09
2023-09-30,3.948054871942182e-09,0.2121485049860674,0.7878514764040687,1.4661809000201069e-08
2023-10-31,8.056408675142467e-11,0.1552377366264416,0.8447622628545861,4.384082228196727e-10
2023-11-30,4.901093668288801e-12,0.21231682819632283,0.7876831717805932,1.8182774482019915e-11
2023-12-31,8.156283668284068e-10,0.180530860861812,0.8194691346202437,3.7023158741164644e-09
2024-01-31,1.3642940519661048e-09,0.4140987265544555,0.5859012701509339,1.930316532381774e-09
2024-02-29,1.2539612433589385e-07,0.644738549030653,0.35526125647795176,6.90952708753221e-08
2024-03-31,3.6575804640955826e-08,0.20005092497787644,0.7999488921896875,1.4625663143879371e-07
2024-04-30,2.7411843140392926e-07,0.29079230198534983,0.7092067553549884,6.685412302584746e-07
2024-05-31,1.3441730604116115e-07,0.25619286305715316,0.7438066122707935,3.902547473179931e-07
2024-06-30,2.5449304500600653e-06,0.30824946762427435,0.6917422763697747,5.711075500941668e-06
2024-07-31,0.0001673459932873522,0.3033016240921266,0.6961469324003536,0.0003840975142325476
2024-08-31,0.0005428667255940584,0.26915754584876606,0.7288296032237465,0.0014699842018934279
2024-09-30,0.0012947459607125754,0.24449359083148783,0.7502386817506436,0.003972981457155942
2024-10-31,0.0008631710168233291,0.2443766234953672,0.7521036744165591,0.0026565310712503994
2024-11-30,0.0002607233892160153,0.15616396672270744,0.8421692670588045,0.0014060428292720318
2024-12-31,0.00037513309933103145,0.2725481404179363,0.7260773593626557,0.000999367120076961
2025-01-31,0.000259568997696398,0.14443681429711733,0.8537692984488555,0.001534318256330784
2025-02-28,0.0006549615750148573,0.30993554257096034,0.6879556950352382,0.001453800818786565
2025-03-31,0.00020955573976699147,0.3148291195371291,0.6845057058154,0.00045561890770385384
2025-04-30,0.0017815831286965992,0.29383658929443746,0.7001367746767513,0.004245052900114662
2025-05-31,0.007255468522741431,0.3804142397742045,0.6008701671127428,0.011460124590311165
2025-06-30,0.01887520565501074,0.5380580054910356,0.42805066736729563,0.015016121486658022
2025-07-31,0.015847893605505158,0.3154052698214436,0.6367524893934353,0.03199434717961595
2025-08-31,0.006682605430539465,0.3712572564525906,0.6110610801281485,0.010999057988721455
2025-09-30,0.009178251663577799,0.5005708250731319,0.48142374425039736,0.008827179012892959
2025-10-31,0.004055372064484618,0.2933354481247678,0.6930280446625889,0.009581135148158582
2025-11-30,0.0132461854952014,0.32968572166508653,0.6316879935867578,0.025380099252954372
2025-12-31,0.020180262206203663,0.12910855850780395,0.7357154644184474,0.11499571486754497
2026-01-31,0.04986675155854145,0.15260737209974815,0.6011055930063496,0.1964202833353608
2026-02-28,0.020231666221211263,0.11037456779966191,0.7347196088077282,0.1346741571713987
2026-03-31,0.07318606446046179,0.20011102596589017,0.5320995718626881,0.19460333771095997
2026-04-30,0.08240042615381094,0.33170772605643706,0.4693094098922047,0.1165824378975473
2026-05-31,0.03734462966615431,0.4418312400801901,0.48023363834133187,0.04059049191232373
2026-06-30,0.0025053681272518263,0.3773344691182485,0.6160696768359513,0.004090485918548383
2026-07-31,0.009453392778883319,0.36431124910828777,0.6103963831301383,0.015838974982690632
2026-08-31,0.10341992746313158,0.41774035767500334,0.38381795286333736,0.09502176199852772
2026-09-30,0.07568648776822355,0.29428393442454215,0.5011416368423721,0.12888794096486206
2026-10-31,0.12340975534891402,0.37618984460049654,0.37679283320506923,0.12360756684552028
